id,education_type,first_name,last_name,major,neptune
1,Full Time,Cathy,Ferre,Computer Engineering,0V4M1W
2,Correspondence,Jenna,Skipperbottom,Computer Science,9N7O6I
3,Correspondence,Addy,Stayte,Computer Engineering,0Y9V3E
4,Correspondence,Eleanor,Addison,Business Comp Sci,7P2J7R
5,Correspondence,Ron,Scotsbrook,Computer Science,2V0F7A
6,Part Time,Angie,Artz,Business Comp Sci,0F3U4Q
7,Full Time,Shane,Glave,Computer Engineering,8E8R4K
8,Correspondence,Allegra,Nibley,Computer Engineering,0R2V5N
9,Correspondence,Isabelita,Vanyukov,Computer Science,5A8E7Y
10,Full Time,Frederik,Mocquer,Business Comp Sci,6B8Z0M
11,Full Time,Hammad,Onthank,Business Comp Sci,4H4T1J
12,Part Time,Dael,Copnall,Business Comp Sci,2J0N9B
13,Part Time,Chrotoem,Balke,Computer Engineering,4X1Y1G
14,Part Time,Aindrea,Von Brook,Computer Engineering,1P1N7V
15,Part Time,Fransisco,Garrish,Computer Engineering,1P3O9T
16,Full Time,Selina,Zanre,Computer Science,2B6E3Z
17,Full Time,Arlin,Clemes,Computer Engineering,1E8K7S
18,Full Time,Deni,Girvan,Computer Science,5Y3M3K
19,Part Time,Carey,McAughtry,Computer Engineering,5A2N6R
20,Full Time,Hashim,Lamcken,Computer Engineering,8Z6B7K
21,Correspondence,Ludvig,Ulyat,Computer Engineering,5J6O5W
22,Full Time,Vin,Marchiso,Computer Science,7R2W7S
23,Correspondence,Gaven,O'Deoran,Computer Engineering,2S1C9C
24,Full Time,Pietra,Brodbin,Business Comp Sci,2L4T0W
25,Full Time,Modesty,Pawlowicz,Computer Science,2C2D1E
26,Full Time,Ulla,Gidman,Computer Science,0O4K5U
27,Full Time,Norri,Songer,Business Comp Sci,9U6R4A
28,Part Time,Erie,Jamme,Business Comp Sci,8Y2H7D
29,Part Time,Sam,Pfaff,Computer Engineering,4H5N5B
30,Part Time,Georg,Seiler,Computer Science,4O4G5B
31,Part Time,Leyla,Paolotto,Computer Engineering,9C3N9O
32,Correspondence,Kean,Beston,Business Comp Sci,7M4X2J
33,Correspondence,Cilka,Yeulet,Computer Science,4E7Q6G
34,Correspondence,Richard,Belfrage,Computer Science,1Q5N1G
35,Full Time,Jessy,Dyet,Business Comp Sci,5M4L5Y
36,Correspondence,Sim,Kidstoun,Computer Engineering,3I4Y3P
37,Correspondence,Sigfrid,Patise,Computer Science,3Z7U7E
38,Part Time,Carrie,Fillary,Business Comp Sci,6I2C8B
39,Full Time,Abbott,Obray,Computer Science,6E1Y2I
40,Part Time,Bartholomeo,Moreside,Computer Science,9V7R4Z
41,Correspondence,Corella,Budgen,Business Comp Sci,9P5M0R
42,Full Time,Milo,Beever,Computer Science,0N7U8S
43,Full Time,Fredek,Pidgeley,Computer Engineering,8W1D6Y
44,Correspondence,Florie,Downey,Business Comp Sci,6I9V2C
45,Correspondence,Ashil,Strutt,Business Comp Sci,4Q8U4U
46,Correspondence,Roobbie,Matlock,Computer Science,6S8U5A
47,Part Time,Kelly,Itzakson,Business Comp Sci,7K9M3T
48,Part Time,Jocelyne,Preddy,Computer Engineering,0N8K8L
49,Full Time,Augustine,Yardy,Computer Engineering,3J5M0A
50,Part Time,Berni,Rangell,Computer Engineering,3U8R3O
51,Full Time,Jocko,Crasswell,Business Comp Sci,9A0N5N
52,Full Time,Hynda,Isson,Computer Engineering,6W3I9H
53,Correspondence,Brenn,Kasbye,Business Comp Sci,7Z2N6T
54,Correspondence,Thelma,Edgell,Business Comp Sci,6W9P6N
55,Full Time,Vaclav,Skerman,Business Comp Sci,7O9O0I
56,Full Time,Dewain,Rickerd,Business Comp Sci,2K6P8J
57,Full Time,Emmit,MacGauhy,Computer Engineering,7Z2A2J
58,Correspondence,Arlena,Fairchild,Computer Engineering,3I6N4W
59,Full Time,Portie,Hodgen,Computer Engineering,7Q3V9P
60,Part Time,Averell,Harmour,Computer Engineering,1E8A4S
61,Full Time,Violet,Jorck,Computer Science,0Y8D4P
62,Full Time,Aldridge,Scamerdine,Business Comp Sci,2C2K6G
63,Full Time,Thomasin,de Broke,Computer Engineering,5M6M1B
64,Part Time,Temp,Dempsey,Business Comp Sci,5Y4H8U
65,Correspondence,Evaleen,Soppit,Computer Science,7T2D1D
66,Full Time,Bartie,Warnock,Computer Engineering,8K3X4C
67,Full Time,Quint,Hobbema,Computer Engineering,8P0I9N
68,Part Time,Dotti,Blazhevich,Business Comp Sci,3M9R8D
69,Correspondence,Quintilla,Nealand,Computer Science,5H0F3F
70,Correspondence,Fitzgerald,Hateley,Business Comp Sci,4N4P9P
71,Correspondence,Livvy,Laidler,Computer Engineering,8R0S0F
72,Part Time,Iago,Scurrer,Computer Engineering,6J8T9V
73,Full Time,Rodrique,Maylour,Business Comp Sci,2B1Z7Z
74,Correspondence,Vachel,Mawtus,Business Comp Sci,6F7C2A
75,Part Time,Hilary,Jouannisson,Computer Engineering,1D1W8K
76,Full Time,Erinna,Gratrex,Computer Engineering,8Z1T8I
77,Full Time,Hugues,Belt,Computer Science,2Q2H7H
78,Part Time,Glynn,Burhill,Computer Science,8X7Q6F
79,Full Time,Suzanna,Creboe,Computer Science,4N7N4E
80,Correspondence,Maje,Tuley,Business Comp Sci,8P9S8T
81,Part Time,Shirleen,Sainsbury-Brown,Computer Engineering,1J3E3N
82,Correspondence,Nickola,Barlthrop,Business Comp Sci,1C4F5S
83,Full Time,Brita,Gadson,Business Comp Sci,3P5N8M
84,Correspondence,Jermaine,Sexten,Computer Science,8T8G8U
85,Correspondence,Pascal,Queenborough,Business Comp Sci,5S1R5D
86,Part Time,Fiorenze,Hardern,Business Comp Sci,0R1J5K
87,Part Time,Malina,Chastaing,Computer Science,5P5V7J
88,Full Time,Aloisia,Trippett,Computer Engineering,5W6N5O
89,Full Time,Jeri,Nicklinson,Computer Science,3U7Y8W
90,Full Time,Valma,Collet,Computer Engineering,6P9L9Z
91,Full Time,Livia,Lugg,Computer Engineering,7G7V5K
92,Correspondence,Lyda,Peaurt,Computer Science,4E2Q4Y
93,Correspondence,Reginauld,Rae,Computer Engineering,7C7M6R
94,Correspondence,Dewie,Lesser,Computer Science,8P2G4N
95,Full Time,Delmor,Ames,Computer Science,2X4Z4K
96,Full Time,Ophelia,Garrattley,Business Comp Sci,8A8J6G
97,Correspondence,Terza,Bunny,Computer Engineering,0V3J4N
98,Part Time,Micheal,Jepson,Computer Engineering,8T9L7E
99,Part Time,Trudie,Confort,Computer Engineering,2N4Z8X
100,Part Time,Rosetta,Quoit,Computer Science,2Z8L7C
101,Part Time,Dulce,Bradshaw,Computer Engineering,0G6U9Z
102,Full Time,Casie,Pinnion,Computer Engineering,1W3B2J
103,Correspondence,Farley,Brunotti,Computer Engineering,1K8V2A
104,Full Time,Dru,Sworder,Computer Engineering,5T7L3F
105,Part Time,Corina,Ollet,Computer Science,0Q1D7F
106,Part Time,Nikolaus,Slyne,Business Comp Sci,1Q5U6G
107,Correspondence,Ives,Hindhaugh,Business Comp Sci,1H2L2R
108,Part Time,Carley,Bellwood,Computer Science,1R3V9J
109,Full Time,Porter,Banthorpe,Business Comp Sci,8Q3J6O
110,Part Time,Dallas,Adelman,Computer Science,3Q3V8F
111,Full Time,Burlie,Conduit,Computer Science,5O0R8V
112,Full Time,Jasper,Riseborough,Business Comp Sci,8P5I3V
113,Full Time,Barbabra,Falconbridge,Business Comp Sci,9B5G8V
114,Part Time,Kristopher,Garnsworthy,Computer Science,6B0P4T
115,Full Time,Erskine,Macauley,Computer Science,0O2S5E
116,Full Time,Eimile,Outright,Computer Engineering,5U8X4Y
117,Part Time,Hermine,Hynes,Computer Engineering,6D2N8Z
118,Full Time,Seka,Sollner,Computer Engineering,0Q3S0A
119,Part Time,Isadore,Ciotti,Computer Science,3T0J2I
120,Full Time,Whitby,Brusle,Business Comp Sci,8I1Q1R
121,Correspondence,Cori,Redholls,Business Comp Sci,7Z1C7H
122,Correspondence,Austina,Peddowe,Business Comp Sci,5Y1T5K
123,Correspondence,Sunny,McTaggart,Computer Science,6X3A4H
124,Part Time,Leanna,Beeton,Computer Engineering,9D2Y5T
125,Part Time,Sadella,Moreno,Computer Engineering,6F5L9I
126,Correspondence,Elana,Clabburn,Computer Science,4E1S3K
127,Correspondence,Deina,Blabber,Computer Science,1V4T1H
128,Correspondence,Darby,Daffey,Computer Science,7N0J5W
129,Part Time,Gav,Haley,Computer Science,3J1Z5P
130,Part Time,Shell,Trustie,Computer Science,6R9H0J
131,Full Time,Jessy,Lerohan,Computer Engineering,5G2J1N
132,Full Time,Rozanna,Luparti,Computer Engineering,2Z7N3M
133,Full Time,Pansie,Gentner,Computer Engineering,0R4K2X
134,Part Time,Konstance,Wanstall,Computer Science,8J7A7E
135,Full Time,Orson,Pendergrast,Computer Engineering,5X2X5E
136,Part Time,Thalia,Jevon,Business Comp Sci,8O7X7P
137,Part Time,Fredek,Cardew,Computer Engineering,2A8T1Q
138,Part Time,Milli,Woloschinski,Computer Science,7T8V3V
139,Correspondence,Kevin,Hurche,Computer Science,5K2M6H
140,Part Time,Cahra,Hannay,Business Comp Sci,1U4E5L
141,Full Time,Juditha,Scotting,Computer Engineering,2X7G0N
142,Part Time,Jannelle,Pine,Computer Engineering,3M0H8L
143,Part Time,Arne,Gallifont,Computer Science,3C2A8E
144,Correspondence,Keefe,Gaythwaite,Business Comp Sci,0H9L1D
145,Part Time,Fiona,Dehm,Computer Engineering,9M7V9D
146,Correspondence,Lambert,Sanney,Business Comp Sci,0V5L3L
147,Full Time,Robin,Lycett,Computer Science,5X8R5K
148,Part Time,Shalne,Habergham,Computer Engineering,0Z1D8A
149,Part Time,Osbourn,Gillespey,Computer Engineering,8Q6V2J
150,Full Time,Far,O'Fergus,Computer Engineering,9E5Z4Z
151,Part Time,Violetta,O'Hingerty,Computer Science,5O5P7Z
152,Part Time,Demetris,Barette,Business Comp Sci,9H6Y6O
153,Full Time,Sigfried,Stothart,Computer Science,0S8Q7K
154,Full Time,Ange,Maccaddie,Computer Engineering,8T8H1T
155,Correspondence,Merry,Keilloh,Business Comp Sci,6M8R6B
156,Correspondence,Fifine,Cafe,Computer Engineering,7I4C0M
157,Full Time,Kahaleel,Pickless,Computer Engineering,7U2G3J
158,Correspondence,Ikey,Upjohn,Business Comp Sci,4P8M5N
159,Correspondence,Corina,Yea,Computer Science,9Z5Z3G
160,Full Time,Merrily,Moorhead,Computer Science,8M6P1M
161,Correspondence,Marris,Blackie,Business Comp Sci,9V5M8G
162,Part Time,Nanny,Schoffler,Business Comp Sci,8Y2C8N
163,Correspondence,Jard,Nichol,Computer Engineering,1S6T9D
164,Full Time,Jobyna,Falconbridge,Computer Science,2T7T5S
165,Part Time,Charyl,Borg,Computer Engineering,2I8Q8Q
166,Correspondence,Monty,Ausher,Computer Science,1T7C9O
167,Full Time,Jenny,Whytock,Computer Science,7Q8Y9P
168,Part Time,Keary,Barok,Computer Engineering,0M0J1R
169,Part Time,Alena,Clerk,Computer Science,6U8Z8X
170,Part Time,Ryun,Justice,Computer Engineering,7S8T0Z
171,Correspondence,Giordano,St. Aubyn,Computer Science,4W5D6I
172,Part Time,Brady,Leyden,Computer Engineering,1M6A9F
173,Part Time,Othelia,Fluck,Computer Science,8Q5H2P
174,Full Time,Salmon,Beany,Computer Engineering,8Y7H7Q
175,Full Time,Donica,Concannon,Computer Engineering,1B3H6I
176,Correspondence,Willey,Smedmoor,Computer Engineering,0G7Y5U
177,Part Time,Chip,Iacivelli,Computer Engineering,8Z6C2C
178,Correspondence,Thorsten,Finan,Business Comp Sci,6W9G4G
179,Correspondence,Leopold,Bloxland,Business Comp Sci,1E4A4U
180,Full Time,Krystle,Jeandeau,Computer Science,9A3D8E
181,Correspondence,Fielding,Sargerson,Computer Science,0M0I3B
182,Part Time,Cleopatra,Bartles,Computer Science,9Y9A6T
183,Correspondence,Emalia,Barns,Computer Engineering,8D8W6K
184,Full Time,Raye,Seiller,Business Comp Sci,4G5Y5G
185,Full Time,Mariel,Lingwood,Computer Science,6J2V9Q
186,Part Time,Katha,Iacovo,Computer Engineering,1M2K5N
187,Part Time,Bryce,Oselton,Business Comp Sci,9C8Z6D
188,Part Time,Hattie,Spacie,Computer Science,7Z6H7I
189,Correspondence,Rockey,Latore,Business Comp Sci,8L4V1E
190,Part Time,Ber,Kevis,Computer Engineering,5V2I7C
191,Full Time,Felicdad,Beddis,Business Comp Sci,2F6K1P
192,Full Time,Carleen,Dmych,Computer Engineering,9U1V5R
193,Correspondence,Rosabelle,Sayes,Business Comp Sci,3D9O3M
194,Full Time,Marijo,Mintrim,Computer Science,2N4A8X
195,Correspondence,Tod,Innis,Computer Engineering,4D1Y4S
196,Full Time,Sigmund,Jovis,Business Comp Sci,7D3S8X
197,Correspondence,Cyril,Lowton,Business Comp Sci,0J7V0L
198,Full Time,Anjela,Knevet,Computer Science,9P4X2R
199,Correspondence,Moore,Pepperill,Computer Science,3Q9V2X
200,Part Time,Nicko,Scruby,Computer Engineering,9B4E8L
201,Correspondence,Jemie,Crannell,Computer Science,3G1E4R
202,Full Time,Ruperta,Dodshon,Computer Science,9Z8H5H
203,Correspondence,Reiko,Sonnenschein,Business Comp Sci,2C5G3X
204,Part Time,Emmalynne,Swindells,Computer Science,9H8Q0J
205,Part Time,Melisse,Littlefield,Business Comp Sci,2M4F0U
206,Part Time,Monika,Candey,Computer Engineering,5B0O6K
207,Correspondence,Micheline,Cottu,Computer Engineering,1C6V9E
208,Full Time,Amelie,Tooley,Computer Engineering,0N8C0Y
209,Correspondence,Tessy,Rittmeier,Computer Science,1M1R4J
210,Part Time,Korey,Gouldstraw,Computer Science,1U2J7C
211,Part Time,Roi,Veryan,Computer Engineering,6P4A1H
212,Full Time,Bunnie,Waker,Business Comp Sci,3L6T1Q
213,Correspondence,Hermione,Martins,Computer Engineering,5N6Z6Q
214,Correspondence,Rubie,Ortzen,Computer Science,6I5T9K
215,Correspondence,Rasia,Josskovitz,Computer Engineering,9O4I7W
216,Full Time,Barrie,Priddy,Computer Science,0Y4C8Q
217,Part Time,Aimee,Rechert,Computer Science,9I8O5K
218,Correspondence,Sibilla,Bilham,Computer Science,9U6P4N
219,Full Time,Mycah,Mussolini,Computer Engineering,8X6W0C
220,Correspondence,Melisse,Chinnock,Business Comp Sci,3M2L9F
221,Full Time,Norrie,Hiseman,Computer Science,9J6V6S
222,Full Time,Bendix,Sole,Business Comp Sci,6C4U1V
223,Part Time,Rebekah,Shillaker,Computer Engineering,3W7O4H
224,Part Time,Annabelle,January,Computer Science,1L8W9S
225,Part Time,Willi,Cockle,Computer Science,9U9U5A
226,Full Time,Dmitri,Hubbucks,Computer Science,5T2M6V
227,Part Time,Odell,McCorkell,Computer Engineering,3T5X0E
228,Correspondence,Belita,McQuilliam,Computer Science,9C9K6D
229,Correspondence,Maxie,McCathie,Business Comp Sci,1R7F6G
230,Part Time,Alexia,Itzig,Computer Engineering,7X1V3Z
231,Correspondence,Ruperto,Speddin,Computer Science,7F1P2D
232,Part Time,Nelie,Jehu,Computer Science,4S5P7R
233,Full Time,Gonzales,Golden,Business Comp Sci,9Q7M7T
234,Full Time,Orrin,Archbold,Computer Engineering,6D3Y3X
235,Part Time,Tobias,Selliman,Computer Engineering,9I6E8G
236,Full Time,Roosevelt,Hainning,Computer Science,6I7E8D
237,Full Time,Dugald,Dell,Business Comp Sci,4J7F4R
238,Part Time,Seka,Le Barr,Computer Science,6H0U0V
239,Full Time,Antonie,Boulton,Computer Science,3H9O6R
240,Part Time,Irina,Avann,Computer Engineering,0S5P9A
241,Correspondence,Gabrila,Cooke,Computer Engineering,2I9V1L
242,Part Time,Lanie,Phillot,Business Comp Sci,9J6K1G
243,Full Time,Gianni,Sherborn,Business Comp Sci,6L6A5S
244,Part Time,Warde,Thorns,Computer Engineering,8B6W8T
245,Full Time,Taryn,Josefowicz,Computer Science,5X1J5G
246,Correspondence,Kali,Geggie,Computer Science,6I9M1O
247,Correspondence,Atalanta,Brearley,Computer Science,1Z3T4L
248,Part Time,Sam,Amor,Computer Engineering,7J6Q1L
249,Full Time,Karlan,Bunney,Computer Science,6N1C5R
250,Full Time,Ellswerth,O'Hartnett,Computer Science,9Z7S1U
251,Part Time,Eduard,Wattins,Computer Science,6Q8E9O
252,Part Time,Morgun,Ride,Computer Science,8G1K7B
253,Full Time,Rhoda,Kniveton,Computer Engineering,5U8K0F
254,Correspondence,Franklin,Kupka,Business Comp Sci,6M1B4M
255,Part Time,Bibby,Zahor,Computer Science,3I4G9C
256,Full Time,Noemi,Cursey,Computer Science,5G2E9L
257,Correspondence,Bastien,Poulett,Business Comp Sci,7R5Q1C
258,Correspondence,Haywood,Gillease,Computer Engineering,2H0H1Z
259,Part Time,Diahann,Kendell,Business Comp Sci,1N7X5C
260,Full Time,Chas,Loosemore,Computer Science,1G8J0A
261,Full Time,Dilly,Faircliffe,Computer Science,5B1O9O
262,Full Time,Sigvard,Bartholomaus,Computer Science,3E4Q4D
263,Part Time,Rutledge,Dobing,Computer Science,3V0B6W
264,Part Time,Gretta,Mogg,Computer Science,7M0W1C
265,Correspondence,Lon,Trehearne,Computer Science,6J5Z1T
266,Part Time,Gertrud,Crevagh,Business Comp Sci,2J6A9P
267,Correspondence,Temp,Colbron,Computer Engineering,6F1A0O
268,Part Time,Norry,Biaggioli,Business Comp Sci,6X7B3K
269,Part Time,Quentin,Mateo,Computer Engineering,3C0K5E
270,Full Time,Norri,Court,Computer Science,8U0E5F
271,Full Time,Whitney,Ferras,Computer Engineering,2W3N1H
272,Correspondence,Sapphire,Thursby,Computer Engineering,1J8H2W
273,Full Time,Atlante,Soot,Computer Engineering,7K7D9P
274,Correspondence,Perla,Gerrett,Computer Science,9M0I9H
275,Part Time,Godiva,Dooland,Computer Science,6W1T4Z
276,Correspondence,Marshall,Stanborough,Business Comp Sci,0W3C4J
277,Correspondence,Berni,Holcroft,Computer Science,4V3F3H
278,Correspondence,Josefina,Iashvili,Computer Science,8Q3W7K
279,Part Time,Lucienne,Casellas,Computer Science,5O8F8M
280,Full Time,Elliott,Lafee,Business Comp Sci,3N9G8L
281,Correspondence,Travers,Hartnell,Computer Science,5G1U4O
282,Full Time,Ronnie,Golthorpp,Computer Engineering,3X1X9X
283,Correspondence,Rodd,Cristoforo,Business Comp Sci,8Z9G3V
284,Part Time,Henrik,Alldis,Computer Engineering,8P8J4E
285,Part Time,Irwinn,Clemenza,Computer Science,1J8X9G
286,Part Time,June,Shutle,Business Comp Sci,8G5X1Q
287,Part Time,Constantin,Bickerstasse,Business Comp Sci,9I0R8R
288,Part Time,Ianthe,Abrahamsson,Computer Engineering,1J8T3B
289,Part Time,Oliviero,Pensom,Business Comp Sci,2E2T7J
290,Full Time,Lorne,Eaden,Computer Engineering,8Q0N5B
291,Full Time,Cthrine,Freestone,Business Comp Sci,4E3P2Q
292,Correspondence,Dena,Stenson,Computer Science,0N8W4O
293,Part Time,Debi,Vignaux,Computer Engineering,8G4Y7J
294,Correspondence,Tiffi,Rykert,Computer Science,1X7P7H
295,Part Time,Felisha,Chatel,Business Comp Sci,2Q1Z1S
296,Correspondence,Phyllida,Blenkin,Computer Science,6U8M7H
297,Part Time,Horatia,Benardet,Business Comp Sci,0J9E2J
298,Full Time,Wilden,Sellack,Computer Science,3F6C6E
299,Correspondence,Millard,Rennard,Computer Science,9I9H0O
300,Part Time,Spence,Critchard,Computer Science,0T8C3R
301,Correspondence,Moll,Bowlesworth,Computer Science,8X3Q8G
302,Part Time,Diego,Wetherill,Computer Science,6F1W8X
303,Correspondence,Jase,Penner,Computer Engineering,5Q2H6I
304,Correspondence,Juieta,Polle,Computer Science,7R7B0H
305,Correspondence,Kathye,Maggi,Business Comp Sci,5V3T3J
306,Part Time,Waverly,Brimble,Computer Engineering,8P4L8I
307,Part Time,Nalani,Drains,Business Comp Sci,7L7H7G
308,Part Time,Lyle,Borsay,Computer Engineering,3G6M3Y
309,Full Time,Darryl,Pues,Computer Engineering,0R8Q3S
310,Part Time,Del,Daen,Business Comp Sci,8H5P1M
311,Full Time,Linoel,Haggard,Computer Science,7E7O2X
312,Correspondence,Maxine,Kelle,Computer Engineering,8S7C2I
313,Part Time,Everard,Robelin,Business Comp Sci,5L8D5Z
314,Correspondence,Forester,Ashington,Computer Science,8J4U0M
315,Part Time,Orlan,Galea,Computer Engineering,0J2Q8J
316,Correspondence,Loleta,Becerra,Business Comp Sci,8K6O5N
317,Part Time,Raquel,Birkmyre,Computer Science,4U0J1G
318,Full Time,Dilan,Cahen,Business Comp Sci,8B8T4M
319,Correspondence,Roxane,Cartmel,Computer Engineering,7R6L1Z
320,Part Time,Kathye,Moscrop,Business Comp Sci,8S8F3P
321,Correspondence,Jozef,Whiting,Business Comp Sci,8O3L5R
322,Full Time,Solly,Kees,Business Comp Sci,2J1U7T
323,Correspondence,Vivyan,Baldry,Computer Science,7Z2P7D
324,Correspondence,Ileana,Jost,Computer Engineering,0C0Y6E
325,Full Time,Maurits,Ferran,Computer Engineering,9B4U7D
326,Correspondence,Ruthe,Atlay,Business Comp Sci,1Q5F9O
327,Correspondence,Tully,Bulteel,Computer Science,2T6G1K
328,Part Time,Kesley,Witherington,Computer Science,5U8R1Y
329,Full Time,Lydia,Ahrendsen,Computer Science,6C7V1X
330,Full Time,Romona,Ewins,Computer Engineering,9M5A9S
331,Part Time,Lorilyn,Snuggs,Business Comp Sci,2D5V7A
332,Correspondence,Elena,Floyde,Computer Science,5X0W3T
333,Correspondence,Vanya,Elwood,Computer Science,0L0G9C
334,Correspondence,Drucie,Klimentov,Computer Engineering,0F5P4S
335,Part Time,Winston,Simonetti,Computer Engineering,6U6O0G
336,Correspondence,Carrol,Asquith,Computer Engineering,5G2L7A
337,Full Time,Tina,Cantu,Business Comp Sci,8Y1E6U
338,Full Time,Yoshiko,Statton,Business Comp Sci,9U3E5A
339,Full Time,Antonin,Spencer,Computer Science,0I9H1U
340,Correspondence,Hermann,Worgen,Computer Engineering,6D7M9O
341,Full Time,Lalo,Eaglesham,Computer Science,7O7V3L
342,Full Time,Maury,Ende,Computer Engineering,0C2E5S
343,Part Time,Anette,Stimson,Computer Science,4E3Z1A
344,Part Time,Tanitansy,Guinness,Computer Science,3C7U6G
345,Correspondence,Rosanna,Fowle,Business Comp Sci,6L8C9A
346,Correspondence,Gustaf,Deveril,Computer Science,4X4A3G
347,Correspondence,Geri,Okeshott,Computer Engineering,4Y4E0I
348,Correspondence,Kathie,Wyant,Computer Engineering,3N9O5J
349,Correspondence,Con,Hidderley,Computer Engineering,1Q0N3C
350,Part Time,Cathe,Crosi,Computer Science,9E4V8C
351,Part Time,Berenice,Dederick,Computer Engineering,8L2H8B
352,Part Time,Ernestus,Gorgen,Computer Engineering,5G6O2Q
353,Part Time,Mel,Bruckner,Computer Engineering,9N6M7T
354,Correspondence,Bald,Featenby,Business Comp Sci,7W2U9P
355,Correspondence,Jillane,Purkiss,Computer Engineering,5E9O1C
356,Part Time,Gert,Tyne,Business Comp Sci,3U2N9O
357,Full Time,Harlie,Pratten,Business Comp Sci,1Q0B6X
358,Part Time,Ethel,Ferebee,Computer Science,2L5X8E
359,Full Time,Jaye,Vittore,Computer Science,3S3M9E
360,Part Time,Rena,Trood,Computer Science,4I4J3D
361,Correspondence,Paul,Grigoryev,Computer Engineering,5C4O9W
362,Full Time,Xylina,Nulty,Computer Engineering,6M1X9N
363,Full Time,Germain,Pencot,Computer Science,2U3Q3G
364,Correspondence,Rivkah,Hartin,Computer Engineering,0B0I8I
365,Full Time,Lionel,Gaffey,Computer Science,8V5Y0U
366,Part Time,Chery,Eustace,Computer Engineering,1B2J3D
367,Full Time,Jacqui,Weir,Business Comp Sci,7A5H0W
368,Correspondence,Madelin,Matveyev,Business Comp Sci,6N6M6T
369,Full Time,Morrie,Clericoates,Computer Science,9D8R5Q
370,Correspondence,Teddy,Duggary,Computer Engineering,2X4S7S
371,Part Time,Kean,Abeles,Business Comp Sci,3G0M2P
372,Correspondence,Deidre,Guilbert,Business Comp Sci,2X5I4V
373,Full Time,Erny,Treharne,Computer Science,4V9I6F
374,Full Time,Britni,Bollans,Business Comp Sci,5I5T9Z
375,Correspondence,Odelinda,Gudyer,Business Comp Sci,8W9X5N
376,Correspondence,Kennith,Sunman,Computer Science,4F4P7N
377,Full Time,Yehudit,Meddick,Computer Engineering,4Q7U0I
378,Full Time,Silvain,Maddaford,Computer Science,5Y2H0B
379,Full Time,Bryon,Tideswell,Business Comp Sci,3A3P6H
380,Part Time,Des,Jansey,Computer Science,0E2B2J
381,Full Time,Hulda,Lloyds,Business Comp Sci,6D8T3X
382,Part Time,Cull,Bere,Computer Engineering,1E4Z0V
383,Correspondence,Stirling,Docherty,Computer Science,9V6H4E
384,Full Time,Freddi,Brimman,Business Comp Sci,4Z8N5E
385,Full Time,Vite,Royall,Computer Engineering,0T1O7M
386,Full Time,Querida,Gateland,Business Comp Sci,6N1G3H
387,Full Time,Marsiella,Van't Hoff,Computer Engineering,6L4L5D
388,Full Time,Amalle,Dartnell,Computer Engineering,8B1X5E
389,Part Time,Georg,Benner,Computer Engineering,4I0F0L
390,Part Time,Mozelle,Cotman,Computer Engineering,6N1J3R
391,Part Time,Jedd,Finker,Computer Engineering,2H6T4P
392,Full Time,Elicia,Symper,Business Comp Sci,3D1G7V
393,Full Time,Harman,Gossipin,Computer Science,2Y8M6H
394,Part Time,Jilleen,Huey,Computer Engineering,2V3D4G
395,Correspondence,Ly,Thome,Computer Engineering,9E5L3N
396,Correspondence,Anastassia,Malter,Computer Science,0D0E1E
397,Correspondence,Oralle,Kinnin,Business Comp Sci,2Z8E9A
398,Correspondence,Knox,Boase,Computer Science,5Y6M4W
399,Full Time,Candra,Lisett,Computer Science,6A9B1T
400,Full Time,Nalani,Lohan,Computer Science,3V0Q9L
401,Correspondence,Dianemarie,Darree,Business Comp Sci,5J6T9G
402,Full Time,Stesha,Pagden,Computer Science,8V4R7L
403,Correspondence,Bud,Walding,Business Comp Sci,8Q8O9C
404,Correspondence,Adolf,Corder,Computer Science,9U0M8S
405,Correspondence,Anne-corinne,Bach,Computer Science,8V7T2M
406,Correspondence,Leann,Bispo,Business Comp Sci,4U3H7X
407,Full Time,Gerry,Dandie,Computer Engineering,2P4Q4Y
408,Full Time,Ediva,Senior,Computer Engineering,4J3A7Z
409,Full Time,Trisha,Simner,Computer Engineering,3Q4C6U
410,Full Time,Vinny,Steely,Business Comp Sci,2S0N7Y
411,Correspondence,Brian,Yon,Business Comp Sci,6L7T2J
412,Correspondence,Rudd,Bendin,Computer Science,8U1P8S
413,Full Time,Lacie,Shippard,Business Comp Sci,0W8Q8Z
414,Correspondence,Lenette,Kirk,Business Comp Sci,3R5C9O
415,Correspondence,Irena,Ruvel,Computer Science,6U7W7G
416,Full Time,Abba,Osmon,Computer Science,8D0K3S
417,Full Time,Hilde,Kincaid,Computer Science,7I4Q3A
418,Part Time,Ynes,Leahair,Computer Science,1T0O9O
419,Part Time,Jeddy,Bilbrook,Business Comp Sci,7T2J5F
420,Part Time,Jenilee,Dowles,Business Comp Sci,9N4C6B
421,Correspondence,Anetta,Myerscough,Computer Engineering,7H4S7M
422,Correspondence,Zaria,Birden,Business Comp Sci,5J7A6W
423,Correspondence,Ginger,Von Hindenburg,Business Comp Sci,5A2Y0W
424,Full Time,Tobe,Whitworth,Business Comp Sci,7H3U6G
425,Full Time,Abigale,Nassie,Computer Engineering,6Y6X4R
426,Full Time,Ruby,Tiffin,Computer Engineering,8X5S7T
427,Full Time,Lem,Gaskin,Computer Engineering,5C9W2B
428,Full Time,Burgess,Di Biasio,Business Comp Sci,2I5O5I
429,Part Time,Martita,Michin,Computer Science,4I3B9K
430,Part Time,Cornela,Kiendl,Business Comp Sci,9Z5I6Y
431,Part Time,Chris,Shilstone,Computer Science,2X9G7M
432,Correspondence,Cesar,Lehrmann,Computer Engineering,8Z7R5V
433,Part Time,Gwendolyn,Sikorski,Computer Science,5A5U9T
434,Part Time,Phaedra,Dauncey,Computer Science,2I5A5C
435,Correspondence,Corella,Draisey,Business Comp Sci,7V4G1L
436,Part Time,Jocelyn,Watt,Computer Engineering,7P5S7F
437,Correspondence,Renato,Leyborne,Computer Science,6E6M2E
438,Correspondence,Jamey,Wicklin,Computer Engineering,0S1C8C
439,Full Time,Mattie,Gallichiccio,Computer Science,0G0P1S
440,Part Time,Ginni,Abbe,Computer Science,4X1X1L
441,Correspondence,Rosene,Iacomettii,Computer Engineering,6H7E3O
442,Part Time,Stanfield,Sterman,Computer Science,0B0Z3I
443,Full Time,Henry,Kellegher,Business Comp Sci,4O2V1U
444,Correspondence,Field,MacCook,Computer Engineering,0K6F6J
445,Full Time,Chiquia,Aylesbury,Computer Science,7J1I4S
446,Full Time,Inesita,Eate,Computer Science,1A8X2W
447,Correspondence,Brana,Wellum,Business Comp Sci,8C9D9O
448,Correspondence,Rube,Mainland,Computer Engineering,3U8M4I
449,Full Time,Bucky,Tunmore,Business Comp Sci,8E5N2Q
450,Part Time,Tamara,Carlson,Computer Engineering,3D2C8V
451,Full Time,Waylin,Phillot,Business Comp Sci,3V7A6Y
452,Correspondence,Homerus,Mularkey,Business Comp Sci,6T4F7L
453,Part Time,Lydon,Sazio,Computer Engineering,8B4B0O
454,Correspondence,Feliks,Anan,Business Comp Sci,7U7I8M
455,Correspondence,Marie-jeanne,MacAlpine,Computer Engineering,9G8P7U
456,Part Time,Xerxes,Widdowson,Computer Engineering,1R0P0R
457,Part Time,Craggie,Becken,Computer Science,7A8A6K
458,Part Time,Chance,Yanele,Computer Engineering,3R8L2F
459,Correspondence,Jarib,Taborre,Business Comp Sci,3B4X1Y
460,Correspondence,Marven,Alekseicik,Computer Engineering,1X9G3L
461,Full Time,Dermot,Comer,Computer Science,7A1R3T
462,Correspondence,Lulu,Grindley,Computer Engineering,0J1G4G
463,Correspondence,Clemmie,Utley,Computer Engineering,1F3G7Z
464,Correspondence,Fina,Bryning,Computer Engineering,0F9A9B
465,Full Time,Merralee,Varah,Business Comp Sci,1I5N4W
466,Correspondence,Delmore,Tartt,Computer Science,6J5W0O
467,Full Time,Patsy,MacAvddy,Computer Science,3J1I6C
468,Full Time,Mel,Lidgard,Computer Engineering,8C8Y8R
469,Part Time,Nedi,Derbyshire,Business Comp Sci,2Z5F3U
470,Correspondence,Walther,Yeatman,Business Comp Sci,8F6I6E
471,Full Time,Deni,Buttrey,Business Comp Sci,9W4T4T
472,Correspondence,Uriah,Knox,Business Comp Sci,3Y8C4G
473,Correspondence,Gwenore,Abramamovh,Computer Engineering,9N6M0I
474,Full Time,Elva,Rulf,Computer Engineering,5U4F0Z
475,Full Time,Cristy,Laidler,Business Comp Sci,0S2V2V
476,Correspondence,Glenine,Winter,Business Comp Sci,8I9J3I
477,Correspondence,Daveta,Catterick,Computer Engineering,5P3G4Z
478,Full Time,Gussi,Farherty,Business Comp Sci,2N2E0I
479,Correspondence,Efrem,Saldler,Computer Science,5E2N7Z
480,Part Time,Rem,Caldayrou,Computer Science,7J2E3C
481,Part Time,Langston,Gaven,Computer Engineering,5Y0O0Z
482,Correspondence,Thain,Andryushin,Business Comp Sci,3A7E5T
483,Part Time,Kelli,Chanders,Business Comp Sci,4J1M1E
484,Full Time,Erena,Seeger,Computer Science,2J0Z8E
485,Correspondence,Benedetto,Howlett,Computer Science,2R6M2Z
486,Full Time,Electra,Wansbury,Computer Science,5R3O7Z
487,Correspondence,Gordie,McCaughan,Computer Engineering,1Y8I4L
488,Part Time,Beulah,Blincow,Computer Science,0W9L1J
489,Part Time,Elnora,Shalloo,Computer Engineering,7I6M7U
490,Full Time,Emmery,Grestie,Computer Engineering,2H5P2C
491,Full Time,Ulrick,Alcalde,Computer Science,2O8F8L
492,Full Time,Hort,Aronstam,Computer Science,1A8Q3K
493,Part Time,Adelice,Strafen,Business Comp Sci,8B8T3C
494,Full Time,Terrijo,Dorey,Computer Science,4I5M6E
495,Correspondence,Shepperd,Stopher,Computer Science,1I2E3E
496,Full Time,Greggory,McGowan,Computer Engineering,4W9E4Q
497,Part Time,Charla,Frizzell,Computer Science,5E0T7Q
498,Correspondence,Walton,Fitzsimmons,Computer Science,4M7E0D
499,Correspondence,Baxter,Mussilli,Computer Engineering,7E2X0P
500,Correspondence,Renee,Mushett,Business Comp Sci,6U0D9E
501,Correspondence,Yancy,Woodyatt,Business Comp Sci,4K0P3P
502,Correspondence,Hannie,Williams,Computer Science,1K8M9F
503,Correspondence,Konstantin,Kohnemann,Computer Engineering,9L8Q5I
504,Full Time,Kerry,Bowley,Computer Engineering,4V9I7O
505,Full Time,Bethina,Roland,Computer Engineering,6I8K9K
506,Correspondence,Artie,Whitwam,Computer Engineering,6G1G3R
507,Correspondence,Daron,Daingerfield,Business Comp Sci,1Z7A2V
508,Correspondence,Conchita,Oret,Business Comp Sci,7X7T0Q
509,Correspondence,Jade,Godby,Business Comp Sci,4B7U2U
510,Part Time,Hendrika,Huitt,Computer Engineering,4X9U5R
511,Full Time,Ange,Crose,Business Comp Sci,2J4Z9P
512,Full Time,Denys,Paler,Computer Engineering,4R6L4M
513,Part Time,Whitaker,Dyble,Business Comp Sci,2X5A8H
514,Full Time,Morie,Dashkov,Computer Engineering,3L8R4B
515,Correspondence,Toby,Jenoure,Computer Science,9A5B6T
516,Full Time,Adair,Sellars,Business Comp Sci,1W0N4Y
517,Full Time,Burty,Mebius,Computer Engineering,6P8P8L
518,Full Time,Elly,Spurway,Computer Science,6P7V2T
519,Correspondence,Madelle,Beardon,Computer Science,4T4N7E
520,Correspondence,Krystalle,Tapton,Computer Engineering,7J0P2O
521,Part Time,Giacopo,Wigley,Business Comp Sci,9V8V5T
522,Part Time,Deloris,Sambeck,Business Comp Sci,0M3I5O
523,Part Time,Ulrica,Bradick,Computer Science,2T1V1E
524,Correspondence,Wit,Bourdon,Business Comp Sci,0I8Z7U
525,Correspondence,Toby,Swede,Computer Science,3U8H9N
526,Full Time,Janis,Goulder,Business Comp Sci,1O2O0B
527,Full Time,Carrie,Beardwood,Computer Science,0P7A4U
528,Full Time,Jillene,Simioli,Computer Engineering,6Q4Z9H
529,Correspondence,Ilyssa,Tumelty,Business Comp Sci,4M0O8H
530,Correspondence,Kariotta,Giacomazzo,Computer Engineering,8Q1H2A
531,Full Time,Aldis,Murty,Computer Science,9I8V7H
532,Part Time,Olwen,Caldecourt,Computer Engineering,0I2P3L
533,Part Time,Leonerd,Ivushkin,Computer Engineering,4T7M2G
534,Correspondence,Dorthy,Hallbird,Computer Science,3J7M6F
535,Part Time,Gayelord,Ridgway,Business Comp Sci,9Y5P6V
536,Full Time,Muffin,Paragreen,Computer Science,2L5V9E
537,Full Time,Ambros,Murrish,Computer Engineering,9X2L5J
538,Correspondence,Amii,Muehler,Computer Engineering,4M3J2T
539,Full Time,Wally,Lambird,Computer Engineering,3X4X5I
540,Correspondence,Celia,Spencook,Computer Engineering,1N2D2R
541,Correspondence,Marina,Quenby,Computer Science,2I4N3S
542,Full Time,Loralyn,Sitlington,Computer Science,9E5B0J
543,Correspondence,Falkner,Elgar,Computer Science,7V3G7P
544,Part Time,Joya,Hainning,Computer Engineering,6Y1W8G
545,Full Time,Tildy,Dalloway,Computer Engineering,7N2Y3J
546,Part Time,Hestia,Ramsell,Computer Science,7R7K1K
547,Part Time,Roz,Indgs,Computer Science,4D7B6N
548,Part Time,Odell,Rabbitts,Business Comp Sci,8B9O4P
549,Correspondence,Jordan,Chad,Business Comp Sci,1F8J3J
550,Correspondence,Marchall,Silvers,Business Comp Sci,6D0Q4F
551,Full Time,Desmund,Cottell,Business Comp Sci,3H3D6H
552,Full Time,Phil,Tysack,Business Comp Sci,0B2Q0F
553,Part Time,Dniren,Ruoff,Business Comp Sci,4S1N0Y
554,Full Time,Maren,Booi,Computer Science,3T2U7O
555,Correspondence,Emmalyn,McCarlich,Computer Science,5R5Q7Y
556,Full Time,Darbie,Gellan,Business Comp Sci,4Y1J1H
557,Correspondence,Gussi,O'Hengerty,Computer Science,1I0X8S
558,Correspondence,Phillip,McCreath,Computer Science,0Z4T1B
559,Correspondence,Ivor,Cansdall,Computer Engineering,1T8U7L
560,Part Time,Kelila,Sterricks,Business Comp Sci,2H1H2L
561,Correspondence,Kristien,Finnimore,Computer Engineering,4Q7B8O
562,Full Time,Jannelle,Wells,Business Comp Sci,9J7S7E
563,Part Time,Alta,Reany,Business Comp Sci,8W0V0F
564,Part Time,Karyl,Deave,Business Comp Sci,8Q0S6X
565,Correspondence,Lorrie,Aylott,Computer Science,9W0B2C
566,Correspondence,Judon,Tooth,Computer Engineering,6S2M3L
567,Correspondence,Matthus,Blaker,Computer Engineering,4H8X7O
568,Full Time,Cristiano,Spawforth,Computer Engineering,5S6W4I
569,Correspondence,Iormina,Coleiro,Business Comp Sci,3D7M2U
570,Part Time,Orton,Gabbotts,Computer Engineering,3W5P9O
571,Full Time,Etienne,Seabrocke,Computer Science,4L7Q8W
572,Full Time,Umberto,Magor,Computer Engineering,4Q3Z9D
573,Part Time,Merrilee,Korejs,Computer Science,9U5W0C
574,Full Time,Carmelita,Paudin,Computer Engineering,3M1I7R
575,Part Time,Cymbre,Piletic,Computer Science,1G4V0D
576,Correspondence,Brynn,Godbert,Computer Science,9O2S2U
577,Correspondence,Julius,Skim,Computer Science,8P1Z5E
578,Full Time,Hugo,Soitoux,Business Comp Sci,4A8T6B
579,Part Time,Rolph,Fee,Computer Science,5U6T3I
580,Correspondence,Jamison,Andree,Computer Science,8Z8T6C
581,Full Time,Kirstyn,Todhunter,Computer Engineering,1S3O3O
582,Full Time,Adella,Durman,Computer Science,0K1A3N
583,Correspondence,Milissent,Lydster,Computer Engineering,4A6U7L
584,Correspondence,Gideon,Clipsham,Business Comp Sci,5R8D5K
585,Full Time,Alisander,Christol,Computer Engineering,8N6S4T
586,Correspondence,Barri,Tomlins,Business Comp Sci,2V1I9J
587,Correspondence,Eustacia,Hasson,Computer Science,8G1P2L
588,Correspondence,Joela,Ruston,Computer Engineering,0H9Y9I
589,Part Time,Marin,Kleinfeld,Business Comp Sci,1C3K2F
590,Part Time,Monro,Palmby,Computer Engineering,4B4M5C
591,Full Time,Lorena,MacIntyre,Computer Engineering,0J9J2V
592,Full Time,Nikolaos,Keir,Computer Engineering,5R6T0C
593,Full Time,Lizzy,Glancey,Computer Engineering,3A9D5F
594,Correspondence,Florella,Ellissen,Business Comp Sci,4Y4Z9W
595,Full Time,Lila,Scard,Computer Engineering,6E7K9A
596,Correspondence,Pedro,Jocelyn,Business Comp Sci,1O6K3H
597,Part Time,Claudina,Villiers,Computer Engineering,5F5P5R
598,Part Time,Benedicto,Crumby,Computer Science,0G2B7Q
599,Part Time,Faydra,Divver,Computer Science,4E6P9S
600,Part Time,Lowell,Rawlin,Computer Science,5Q4R1U
601,Full Time,Francoise,Toleman,Computer Science,6W3U8I
602,Part Time,Costa,Joule,Computer Science,6D9C2D
603,Part Time,Malissa,Dewdney,Business Comp Sci,2L1E1P
604,Part Time,Ulises,Wharmby,Computer Engineering,0K3H6G
605,Part Time,Ina,Sansam,Business Comp Sci,8V8F0I
606,Part Time,Quinn,Spellicy,Computer Engineering,3R3P1Z
607,Full Time,Land,Ilewicz,Computer Science,1P4R2P
608,Correspondence,Enrique,Gowdie,Computer Engineering,7P7Y8G
609,Correspondence,Debee,De Biasi,Business Comp Sci,8Y1P8S
610,Part Time,Shep,O'Lyhane,Computer Science,9W2C7M
611,Full Time,Katrine,Pybworth,Computer Engineering,3P8Q8C
612,Part Time,Christoph,Anyene,Computer Science,0Q1W3F
613,Correspondence,Svend,Werner,Computer Engineering,9U6J7A
614,Part Time,Emanuel,Pagan,Computer Science,8R4W6Q
615,Full Time,Gannie,McAllen,Business Comp Sci,3C6S0O
616,Part Time,Starlene,Mackerness,Computer Engineering,5J9D1G
617,Full Time,Jocelin,Emblow,Computer Engineering,6U1D1M
618,Full Time,Allix,Coupar,Computer Engineering,2V6J1I
619,Correspondence,Odie,Flancinbaum,Computer Science,2X0Y9R
620,Correspondence,Byrom,Fawks,Computer Science,2J3Y9Y
621,Full Time,Elladine,Simnor,Business Comp Sci,5E5I1A
622,Correspondence,Grant,Jennions,Computer Engineering,4R9D2T
623,Correspondence,Vern,Cosans,Computer Science,4T6X3S
624,Part Time,Ardeen,Punton,Computer Engineering,9E5I8Z
625,Part Time,Foster,Lavall,Computer Engineering,3R6G8C
626,Full Time,Cornie,Dilnot,Business Comp Sci,5Z2N8S
627,Correspondence,Lyle,Bohman,Business Comp Sci,1K1V8W
628,Part Time,Romola,Tromans,Business Comp Sci,7O7I4C
629,Full Time,Goldina,Carabet,Business Comp Sci,3O0D2J
630,Correspondence,Jackie,Kilgannon,Computer Science,3S5A2P
631,Correspondence,Falkner,Nightingale,Business Comp Sci,9T2X9G
632,Full Time,Griffin,Gaul,Computer Science,5G0Z5F
633,Full Time,Jaquelin,Spalls,Computer Science,8E6Q2E
634,Part Time,Verina,Search,Computer Science,9Q6T7O
635,Correspondence,Casar,Thurling,Computer Engineering,7B0F1U
636,Part Time,Molly,Dunkersley,Computer Engineering,7J7V2B
637,Part Time,Mignon,Visco,Business Comp Sci,8G4C5V
638,Correspondence,Timmy,Gierke,Computer Science,6I5W8M
639,Full Time,Celie,Delahunt,Computer Engineering,9X9A3O
640,Full Time,Wyatan,Stanyer,Computer Science,4N7R8P
641,Correspondence,Anjanette,Algar,Computer Science,2M9R0H
642,Correspondence,Susann,Roast,Business Comp Sci,8E0B0C
643,Full Time,Benedick,Stoute,Computer Engineering,7M7I8X
644,Correspondence,Torrence,Srutton,Computer Science,8Y9T2W
645,Full Time,Phineas,Line,Business Comp Sci,8M2J6E
646,Part Time,Cindee,Apfler,Business Comp Sci,8B9E1H
647,Correspondence,Laraine,Peters,Computer Engineering,2I7V2S
648,Correspondence,Merwin,Wooderson,Computer Engineering,5A0F8K
649,Full Time,Aggi,Lumby,Computer Engineering,2C4V2T
650,Full Time,Bank,Soule,Business Comp Sci,3O6C9N
651,Correspondence,Olag,Foan,Computer Engineering,1K1I3S
652,Correspondence,Brittan,Saterweyte,Computer Engineering,1Z4N4J
653,Correspondence,Carleen,Letherbury,Business Comp Sci,5D2R7W
654,Full Time,Lance,Westcarr,Computer Engineering,9X3U9Z
655,Full Time,Ward,Yarrall,Computer Science,1S0H6K
656,Correspondence,Nonah,Whitcher,Computer Science,6R2Z2P
657,Full Time,Erie,Edy,Business Comp Sci,4M6V4Z
658,Full Time,Percival,Pahl,Business Comp Sci,6R7T8E
659,Part Time,Roanne,Michie,Business Comp Sci,4P1Q8B
660,Full Time,Reta,Lillecrap,Computer Science,4L8C9T
661,Full Time,Shae,Henrionot,Computer Science,0R6V1A
662,Correspondence,Durward,Walesby,Business Comp Sci,6R3Z9X
663,Part Time,Darby,Forcade,Business Comp Sci,7A0O5G
664,Correspondence,Lind,Jouhning,Computer Engineering,7O0H1D
665,Full Time,Laverna,Sollowaye,Computer Science,9T9O3V
666,Correspondence,Darcy,Easom,Computer Engineering,5Z4J1C
667,Full Time,Billy,Carless,Computer Science,6C1L3P
668,Part Time,Thorvald,Stallibrass,Business Comp Sci,3G2D4L
669,Full Time,Marchall,Stobo,Computer Science,1B4L5U
670,Full Time,Darwin,Braganca,Computer Science,2R7L5D
671,Part Time,Upton,Cabera,Computer Science,0R0A2X
672,Correspondence,Jobina,Thomasson,Computer Science,7O3P4L
673,Part Time,Dimitry,Grattan,Computer Science,4Z3T8A
674,Full Time,Yard,Ruff,Computer Engineering,7M4X0R
675,Full Time,Ardath,Serjeantson,Business Comp Sci,4E4N6B
676,Part Time,Joell,Ceaser,Business Comp Sci,4Q3K2V
677,Part Time,Timmie,Gitsham,Computer Science,4C8O6W
678,Correspondence,Parrnell,Purkis,Computer Science,2D0R4E
679,Part Time,Mahalia,Stepney,Computer Science,6S4Q3M
680,Part Time,Fitz,Phripp,Computer Engineering,1D1L7E
681,Part Time,Lawton,Semark,Computer Engineering,2O2Z2X
682,Correspondence,Rosetta,Solleme,Business Comp Sci,5M5E5G
683,Correspondence,Kristel,Frunks,Computer Engineering,1F5O5P
684,Part Time,Sheila,Pray,Business Comp Sci,3E6L9B
685,Correspondence,Rebecca,Kilmurray,Business Comp Sci,1O0O7Y
686,Part Time,Margi,Van Ross,Computer Science,2Y6X6H
687,Full Time,Sheilakathryn,Challender,Business Comp Sci,1D9L7P
688,Part Time,Bo,Baigrie,Business Comp Sci,3C9F3R
689,Correspondence,Ardene,Dutnell,Business Comp Sci,0T8G6D
690,Part Time,Teriann,Lytle,Computer Science,5A8U0E
691,Correspondence,Wynn,Gisburn,Business Comp Sci,5R0B9P
692,Correspondence,Mata,Umbers,Business Comp Sci,7R6M0W
693,Part Time,Rourke,Kellie,Computer Engineering,9L5M7C
694,Part Time,Abeu,Charlick,Computer Science,1K2V6U
695,Part Time,Vanny,Langstone,Business Comp Sci,1M7N9G
696,Correspondence,Gretal,Slatford,Business Comp Sci,8V7R2T
697,Full Time,Charmain,McKevin,Computer Science,4T9K0L
698,Full Time,Stanleigh,Henbury,Computer Engineering,6A9B8J
699,Correspondence,Yetta,Dudill,Computer Engineering,0I1S6M
700,Full Time,Darren,Beers,Computer Science,0J8X5M
701,Correspondence,Cassy,Tracey,Business Comp Sci,2H7G8M
702,Correspondence,Edmund,Oldis,Computer Science,5Y3G5T
703,Full Time,Kariotta,Durbann,Computer Science,1R4J9Q
704,Correspondence,Vivie,Anand,Computer Engineering,4M8A8A
705,Part Time,Ashia,Ouldcott,Computer Science,3E6W9M
706,Part Time,Blondie,Scroxton,Computer Science,7D6S2S
707,Correspondence,Tabby,McNamee,Computer Science,2A3E4H
708,Correspondence,Zara,O'Curneen,Business Comp Sci,7S7G2U
709,Part Time,Eldin,Turbern,Computer Science,7J8C1V
710,Full Time,Lemmie,Storrie,Business Comp Sci,3C7Y7I
711,Part Time,Axel,Wickmann,Computer Engineering,8Q1I2E
712,Correspondence,Arther,Brise,Business Comp Sci,8B6K3M
713,Correspondence,Midge,Vaux,Business Comp Sci,5Z4X9N
714,Full Time,Adelina,Vassman,Business Comp Sci,0U1Y2A
715,Correspondence,Starr,Cafe,Computer Science,0P9G0M
716,Part Time,Emmalynne,Clother,Computer Science,5T4L1D
717,Correspondence,Tracy,Garrould,Business Comp Sci,9W8I0F
718,Full Time,Marna,Danielut,Business Comp Sci,8B7G6P
719,Part Time,Amii,Marshal,Computer Engineering,7E6T7U
720,Correspondence,Nikos,McDougal,Computer Engineering,6E3B1K
721,Part Time,Nalani,Crombleholme,Computer Engineering,5M0D9A
722,Full Time,Glen,Emanuele,Computer Science,9H5G3L
723,Correspondence,Valaria,Vicar,Computer Engineering,3E4D5A
724,Correspondence,Chiarra,Mettetal,Business Comp Sci,5E7T5J
725,Correspondence,Carie,Allom,Computer Science,5L9S6I
726,Correspondence,Adriano,Stollenbeck,Computer Science,3E7K9S
727,Correspondence,Page,Van Giffen,Computer Engineering,8W3Q5S
728,Correspondence,Pierce,Stallan,Business Comp Sci,1T2F4K
729,Part Time,Kari,Bosnell,Computer Science,7Y0N9S
730,Part Time,Avery,Noddings,Computer Science,0E9X5M
731,Part Time,Donetta,Esler,Computer Engineering,8C9S8P
732,Correspondence,Elianora,Winkett,Computer Science,3T8R3P
733,Full Time,Vasilis,Bramah,Computer Engineering,8W3H3E
734,Part Time,Nananne,Carlill,Business Comp Sci,4P4J2G
735,Part Time,Samaria,Giacomucci,Computer Engineering,9W8A1Q
736,Full Time,Garner,Romeuf,Computer Science,6I2Y0G
737,Correspondence,Vinny,Twining,Computer Engineering,7J7W9T
738,Part Time,Marlin,Noor,Business Comp Sci,1K0J9Q
739,Part Time,Hulda,Swinfen,Business Comp Sci,7I3R8M
740,Part Time,Albertina,Genn,Computer Engineering,5H3F6D
741,Part Time,Beulah,Pauleau,Business Comp Sci,3P9Q9T
742,Full Time,Hollie,Skeete,Computer Engineering,1G9A0I
743,Part Time,Randee,Farnes,Computer Engineering,1Z0G4V
744,Full Time,Honey,Copeman,Computer Science,2Y9W9T
745,Correspondence,Jeremiah,Canepe,Computer Engineering,7K4K5G
746,Part Time,Burk,Leggan,Computer Engineering,1W2C7Z
747,Part Time,Sisile,Mantha,Computer Science,6C8J4T
748,Correspondence,Elia,Perigoe,Computer Science,7K3O7K
749,Full Time,Ricardo,Allatt,Business Comp Sci,9G2I7O
750,Part Time,Peggie,Beams,Computer Science,2N0S6P
751,Part Time,Alfy,Sterrie,Computer Science,3K5J1R
752,Correspondence,Wilhelmine,Haye,Computer Science,4B5O2T
753,Correspondence,Anthea,Romeuf,Computer Engineering,7T6Y2Q
754,Part Time,Leila,Hellsdon,Computer Engineering,1A4S0M
755,Full Time,Pet,Insley,Computer Science,4Q3X0W
756,Part Time,Gilligan,Tims,Computer Engineering,6J5O3H
757,Full Time,Doralynn,Newborn,Computer Engineering,5I5X4C
758,Part Time,Emelyne,Halahan,Business Comp Sci,6K0L5S
759,Part Time,Mei,Dundridge,Computer Science,7F3T8S
760,Part Time,Quinlan,Neild,Computer Engineering,2D6W8U
761,Correspondence,Katusha,Chadney,Computer Science,7I5H6V
762,Full Time,Elfreda,Papa,Computer Science,7H0Z7S
763,Part Time,Bernice,Scougall,Business Comp Sci,1Z5C1V
764,Correspondence,Guinna,Timpany,Computer Science,8O5L1U
765,Full Time,Selia,Colebrook,Business Comp Sci,0K9T1M
766,Correspondence,Kile,Leavold,Computer Science,7J9X0G
767,Part Time,Rani,Roust,Business Comp Sci,9J9Z6V
768,Full Time,Cherey,Clement,Computer Engineering,6N0L1S
769,Full Time,Hercule,Swindin,Computer Engineering,1Z5L3Q
770,Part Time,Loren,Whitby,Computer Science,4H1Q5G
771,Correspondence,Sabine,Mildner,Computer Science,4R9J8R
772,Full Time,Jenny,Mingay,Computer Science,3T9I7A
773,Correspondence,Luce,Kuhnel,Business Comp Sci,0P3Y7T
774,Correspondence,Carolin,Schimank,Computer Engineering,7A1R2G
775,Part Time,Eduino,Babbidge,Computer Engineering,0O2S7O
776,Full Time,Aurelea,Jirusek,Computer Science,2Q0C3Q
777,Correspondence,Gawen,Freen,Business Comp Sci,7G2E0U
778,Part Time,Livvyy,Swainson,Computer Engineering,3T4T4W
779,Full Time,Franklin,Scannell,Computer Engineering,2V7R9M
780,Part Time,Meggi,Macy,Business Comp Sci,0I5H4F
781,Correspondence,Eadie,Bromehead,Computer Science,2R6K9U
782,Full Time,Sophie,Sleigh,Business Comp Sci,2R1N4W
783,Correspondence,Trip,Eton,Computer Engineering,1Z0A9R
784,Correspondence,Bernadene,Pavelka,Business Comp Sci,9Y2P2A
785,Correspondence,Stevana,Vittore,Computer Science,7R3Z0W
786,Full Time,Godfree,Wigfall,Computer Engineering,2N4C3W
787,Full Time,Millicent,Pidgin,Computer Science,2Y5Y3U
788,Correspondence,Cristal,Mortlock,Business Comp Sci,5F9M6C
789,Part Time,Lizette,Labram,Business Comp Sci,6O6U3E
790,Correspondence,Pammie,Triner,Computer Science,1F9J9F
791,Part Time,Pepito,Baraclough,Computer Engineering,6F2U3H
792,Correspondence,Guglielma,Gherardi,Business Comp Sci,7K4T0G
793,Correspondence,Nellie,Heskey,Business Comp Sci,6N3D2E
794,Full Time,Kendra,Kirkup,Computer Engineering,0S2J2P
795,Full Time,Glennie,Jeacop,Business Comp Sci,9M7J5N
796,Full Time,Nikita,Fitzharris,Business Comp Sci,2R6F9C
797,Correspondence,Hamlin,Pittendreigh,Business Comp Sci,3I6R5S
798,Full Time,Guilbert,Ludlamme,Computer Science,4D1C3K
799,Correspondence,Wilmette,Keneford,Computer Science,2C9B4Z
800,Full Time,Sigismond,Widdows,Computer Science,7J8I3A
801,Correspondence,Brod,Liveley,Computer Engineering,2V1X7T
802,Full Time,Ewart,Ivanov,Computer Science,8R5W4A
803,Correspondence,Ermin,Mudle,Computer Science,0D2L0D
804,Part Time,Manny,Cordeix,Business Comp Sci,3U1H3J
805,Full Time,Aloise,Munkley,Computer Science,7N3L1G
806,Part Time,Juana,Droogan,Computer Science,8Y9G9P
807,Part Time,Holt,Ledgerton,Business Comp Sci,1K9I5P
808,Full Time,Lesya,Palfrey,Business Comp Sci,5Y9I4R
809,Part Time,Ely,Skirling,Computer Engineering,2W2E7B
810,Correspondence,Thibaud,Powter,Computer Science,2Y8Z1W
811,Part Time,Hastie,Bragginton,Business Comp Sci,7E0O2S
812,Correspondence,Riannon,Geillier,Business Comp Sci,0N0A6Y
813,Full Time,Gerri,Bownass,Computer Science,7N3T9O
814,Correspondence,Geno,O'Shevlin,Business Comp Sci,9C6M8H
815,Part Time,Verna,Jiri,Computer Engineering,1W2H9V
816,Full Time,Glenn,Robeiro,Computer Engineering,8B6Y6Z
817,Correspondence,Frederick,Knowlson,Computer Engineering,3I5N2F
818,Part Time,Sioux,Gecks,Business Comp Sci,3X1S3P
819,Full Time,Hollis,Stathor,Business Comp Sci,7D9E0O
820,Correspondence,Druci,Rigolle,Business Comp Sci,4D4Z4C
821,Full Time,Jenn,Hubbert,Business Comp Sci,1Y7P6M
822,Part Time,Selestina,Humburton,Computer Engineering,6J8N2L
823,Correspondence,Marco,Baldwin,Computer Science,3J4R9F
824,Full Time,Adele,Cornbill,Computer Science,9D2K6V
825,Full Time,Cristiano,Turneux,Computer Science,4P7T6F
826,Correspondence,Kyle,Whinray,Computer Engineering,2U8F5X
827,Full Time,Becka,Brisley,Computer Science,9I0Q2N
828,Part Time,Allyce,Fennelow,Computer Engineering,0A3R2B
829,Full Time,Sax,Furney,Computer Engineering,9H6T9N
830,Part Time,Cobbie,Berggren,Computer Science,5V6Q6E
831,Correspondence,Arlyne,Lusty,Business Comp Sci,7T5G2C
832,Correspondence,Frederik,L'Homme,Business Comp Sci,0I0J7K
833,Full Time,Sigrid,Griffithe,Computer Engineering,4U8F4M
834,Part Time,Newton,Fawdrey,Business Comp Sci,2O0T6E
835,Part Time,Olvan,Bellam,Business Comp Sci,2E4H5V
836,Full Time,Wynnie,Burkhill,Computer Science,2V7S7Z
837,Part Time,Sabra,Fresson,Business Comp Sci,3V4K5U
838,Correspondence,Loella,Wooles,Computer Science,3W3L3J
839,Part Time,Pamela,Matchitt,Computer Science,9Z5D4Q
840,Correspondence,Sallie,Bottelstone,Computer Science,8O7I9J
841,Full Time,Dell,Muffen,Computer Engineering,2H2I5I
842,Correspondence,Simeon,Alabastar,Computer Science,7F2I4M
843,Full Time,Genny,Macvey,Business Comp Sci,9M4V2Y
844,Full Time,Natividad,Saltmarsh,Business Comp Sci,3J5V5O
845,Full Time,Phip,Geaveny,Computer Engineering,5D0J9O
846,Part Time,Bellanca,MacCoughen,Business Comp Sci,4I9Z0W
847,Part Time,Carley,Beves,Computer Science,6U6D9D
848,Full Time,Joelynn,McPeck,Computer Engineering,6G7S8I
849,Full Time,Nelle,Chatin,Computer Science,0V5L5M
850,Correspondence,Bess,Tebbutt,Computer Engineering,1Y7J1V
851,Part Time,Karoly,Gulliman,Computer Science,9A1V0S
852,Correspondence,Nat,Hartley,Business Comp Sci,1T9V5S
853,Full Time,Rosene,Lowdeane,Computer Science,0I0N6H
854,Part Time,Pegeen,Congram,Computer Science,1B7T0S
855,Part Time,Jerald,Fine,Computer Engineering,4H7T1Z
856,Correspondence,Shaina,McFarlan,Business Comp Sci,3Z4C2B
857,Part Time,Mikey,Dabell,Computer Engineering,0O8B7V
858,Part Time,Eartha,Giorgio,Computer Engineering,5W7P3T
859,Correspondence,Pip,Errigo,Computer Engineering,4Z2W8B
860,Part Time,Phylys,Goare,Business Comp Sci,6H7C4W
861,Correspondence,Cliff,Tipler,Computer Engineering,0Z3E0K
862,Full Time,Salomi,Stirrup,Computer Science,0L4X2T
863,Correspondence,Rickie,Ruslin,Computer Science,9J2M5U
864,Part Time,Pail,Radden,Computer Science,6Y8N5A
865,Correspondence,Woodrow,Kerford,Computer Science,2L8L8K
866,Part Time,Berke,Dearsley,Business Comp Sci,3Y3N8W
867,Part Time,Sergent,Heavens,Computer Engineering,3G0U3J
868,Correspondence,Harley,Shaw,Computer Science,1I6S4A
869,Full Time,Jacky,Cough,Business Comp Sci,4W2L0Q
870,Part Time,Robert,Obern,Business Comp Sci,5I6I1Z
871,Correspondence,Loren,Corbin,Business Comp Sci,4R6X0M
872,Part Time,Georg,Masselin,Computer Engineering,2Z2Y4K
873,Correspondence,Ambrosio,McManamen,Computer Engineering,6O6X5Y
874,Part Time,Rufus,Adamec,Computer Science,1B0Y0E
875,Correspondence,Jermaine,Allery,Computer Science,4M9W4U
876,Correspondence,Rockwell,Tott,Computer Engineering,6H5J5A
877,Correspondence,Hersch,Uzelli,Computer Science,2Y0M9N
878,Part Time,Simonette,Endicott,Business Comp Sci,4R4G2K
879,Full Time,Garth,O'Fihily,Computer Engineering,9D9C2E
880,Full Time,Tracie,Brudenell,Business Comp Sci,7N4P0M
881,Full Time,Jasen,Deinhard,Computer Science,5H2I0S
882,Part Time,Clarinda,Antecki,Business Comp Sci,5Z8Q7T
883,Correspondence,Tillie,Fisk,Computer Science,5D7H4G
884,Full Time,Brandy,Annwyl,Computer Engineering,4O0G8S
885,Correspondence,Kelsi,Stickells,Computer Engineering,4J1J4E
886,Full Time,Byran,Nickolls,Business Comp Sci,3E5T7H
887,Correspondence,Homerus,Carrigan,Computer Engineering,6E9B3E
888,Full Time,Emlyn,Geistmann,Computer Science,4Q6U7G
889,Part Time,Blaire,Carmel,Computer Science,5K9I2W
890,Part Time,Deck,Ricarde,Business Comp Sci,7Z6A7Q
891,Correspondence,Lizzy,Sullly,Business Comp Sci,3H2G6D
892,Part Time,Livvy,Maypes,Computer Science,5Z7D2W
893,Part Time,Elmira,Hairyes,Business Comp Sci,2N3S9B
894,Correspondence,Marta,Machin,Business Comp Sci,7M1B7K
895,Full Time,Germayne,Fourman,Business Comp Sci,5O5U7X
896,Correspondence,Devan,Grishmanov,Computer Science,4V8W8X
897,Part Time,Libby,Widdecombe,Computer Science,2F3D1W
898,Part Time,Pearline,Di Biagi,Business Comp Sci,9A0U9M
899,Full Time,Ara,Lotwich,Computer Engineering,7U6L6W
900,Full Time,Rancell,Chevalier,Business Comp Sci,7V8U7K
901,Full Time,Barbey,D'Costa,Computer Engineering,2Y8P4L
902,Full Time,Reynold,Chamberlaine,Computer Engineering,4X7J2Y
903,Full Time,Charo,Adamczewski,Computer Engineering,5Y8L0N
904,Full Time,Janot,Morrice,Computer Engineering,3Z0N9M
905,Full Time,Tobe,Snelle,Computer Science,0G3R6H
906,Part Time,Elsa,Asplin,Computer Science,4H0S8S
907,Part Time,Andi,Dyche,Business Comp Sci,5Q8R5K
908,Full Time,Cece,Francomb,Computer Engineering,9P1V1F
909,Full Time,Mel,Kitcher,Business Comp Sci,3V2A8W
910,Part Time,Berna,Wildblood,Business Comp Sci,7B4F3Z
911,Part Time,Quinlan,Loftin,Computer Science,1H1P9W
912,Full Time,Benita,Nerney,Computer Science,1O2Q1E
913,Part Time,Andris,Eades,Business Comp Sci,2Y1S9F
914,Correspondence,Kelly,Caughtry,Business Comp Sci,1K2T1E
915,Correspondence,Millie,Egglestone,Business Comp Sci,7N4H1F
916,Correspondence,Robbin,Fairpool,Business Comp Sci,3Y8X4N
917,Correspondence,Cortney,Josland,Business Comp Sci,7F9A2U
918,Full Time,Ira,Carlisle,Computer Science,0G7J0O
919,Correspondence,Clarke,Yaakov,Computer Science,8Z8W0K
920,Full Time,Cathee,Brownsmith,Business Comp Sci,5I4B8U
921,Full Time,Jasper,Littlekit,Computer Engineering,1J1A4C
922,Correspondence,Nester,Portt,Business Comp Sci,6Q1R0E
923,Correspondence,Annabela,Petrishchev,Computer Engineering,5G6K8U
924,Part Time,Sheena,Libri,Business Comp Sci,9R0I6S
925,Full Time,Carolee,Harkins,Business Comp Sci,4Q1J0K
926,Full Time,Robina,Naismith,Business Comp Sci,2R8J5M
927,Full Time,Lars,Valentin,Business Comp Sci,7I0V2D
928,Part Time,Galven,MacCrachen,Business Comp Sci,8V7Q2R
929,Correspondence,Findlay,Cruse,Computer Science,4T9K8E
930,Part Time,Mariann,Hayers,Computer Science,5M1D1F
931,Part Time,Chilton,Ropcke,Computer Science,8A1O2J
932,Full Time,Nicoli,Shawel,Computer Engineering,6U0S6N
933,Correspondence,Reena,Lusted,Computer Engineering,4E5K7T
934,Part Time,Toby,Cristol,Computer Science,7Z0P8C
935,Part Time,Ardeen,Yarham,Computer Science,0T4B9C
936,Full Time,Tait,Elcombe,Computer Engineering,1X1Z2U
937,Full Time,Jonie,Kabisch,Computer Engineering,4U0O0J
938,Correspondence,Lillis,Sager,Business Comp Sci,8D7P6T
939,Full Time,Phoebe,Aubri,Computer Engineering,7T4N7J
940,Correspondence,Hatti,Sydenham,Business Comp Sci,9Q9Z9Z
941,Correspondence,Fern,Brafield,Computer Engineering,7V0H0Z
942,Part Time,Zelda,McGibbon,Computer Engineering,0X6G4M
943,Full Time,Tom,Lycett,Computer Engineering,7J5N3T
944,Part Time,Mar,Straun,Business Comp Sci,8U2A9S
945,Correspondence,Dora,Fausch,Business Comp Sci,5A6M4B
946,Part Time,Desi,Greves,Computer Engineering,5V4G6V
947,Part Time,Minor,Kitteridge,Business Comp Sci,1G1I8V
948,Correspondence,Golda,Arbuckle,Computer Science,3Q0F7J
949,Full Time,Clarey,Rosenschein,Computer Engineering,0G6G7O
950,Correspondence,Gertrud,Tibald,Business Comp Sci,5A6K5U
951,Full Time,Alvin,Begg,Computer Science,3W4B0Z
952,Full Time,Randi,Fullicks,Computer Science,8W3Z2R
953,Correspondence,Reynold,Espinas,Computer Engineering,1G7Y2D
954,Correspondence,Bancroft,Phizacklea,Computer Science,1A6Y9G
955,Correspondence,Kinsley,Owthwaite,Computer Science,8H2U0K
956,Part Time,Lulita,Trimmill,Computer Science,2G0M8B
957,Part Time,Griff,Rosensaft,Business Comp Sci,6C0X0D
958,Part Time,Kristina,Seabridge,Computer Science,2I5M5J
959,Correspondence,Drusi,Cleall,Business Comp Sci,7B5S0S
960,Full Time,Lodovico,Aishford,Business Comp Sci,5B3K9S
961,Part Time,Hilde,Nardoni,Business Comp Sci,4F6Q5Z
962,Correspondence,Roberto,Thormann,Computer Science,9M9Q2T
963,Full Time,Lenci,Racine,Computer Science,0C0T6G
964,Part Time,Riane,Capewell,Computer Science,9B8X0P
965,Part Time,Joyous,Gorstidge,Computer Engineering,5H1U4I
966,Correspondence,Renate,Goodrich,Business Comp Sci,9S3X4R
967,Part Time,Anderea,Shine,Computer Science,7J5Q2B
968,Full Time,Linn,Epelett,Computer Engineering,5Z9K2V
969,Part Time,Betsy,Cashley,Computer Science,2E5F6E
970,Full Time,Salmon,Confait,Business Comp Sci,1H6P9A
971,Full Time,Brand,Bakeup,Computer Engineering,9W8J6R
972,Full Time,Laurel,Siberry,Computer Science,2T2N1N
973,Part Time,Ginevra,Sipson,Computer Science,9R3B8L
974,Full Time,Flossie,McKeon,Computer Science,3N3T1T
975,Part Time,Eddie,Dowda,Business Comp Sci,7X2D9C
976,Part Time,Diena,Huckabe,Computer Science,9O8H0F
977,Full Time,Abbey,Newark,Business Comp Sci,1Y8S6Q
978,Full Time,Bambi,Heningham,Business Comp Sci,4N4Y7K
979,Correspondence,Allie,Tolemache,Computer Engineering,9M4F4V
980,Part Time,Sig,Palfreyman,Computer Science,3C6N6D
981,Part Time,Cary,Youell,Business Comp Sci,9X6A3Q
982,Part Time,Emmalynne,Alfonzo,Computer Science,3X7T3E
983,Part Time,Blondie,Purchall,Computer Science,0T3X4D
984,Correspondence,Nealson,Boyd,Computer Engineering,6K4A2P
985,Correspondence,Lorri,Boland,Business Comp Sci,6W5I7C
986,Correspondence,Rhona,Drakard,Computer Engineering,6P4T4T
987,Correspondence,Nissy,Scobie,Computer Engineering,0F8O5J
988,Full Time,Ninnette,Hans,Computer Engineering,6M8G0K
989,Full Time,Kendre,Barritt,Business Comp Sci,1Y2H3J
990,Part Time,Truda,Leavy,Computer Science,4K0I1F
991,Part Time,Wolfy,Fenner,Computer Engineering,0V0X0I
992,Part Time,Bourke,Misson,Business Comp Sci,1J3T5F
993,Correspondence,Camille,Digle,Business Comp Sci,1P2L9P
994,Correspondence,Alon,Castle,Computer Science,6D7P0N
995,Part Time,Patty,Francie,Computer Engineering,0X4P6G
996,Full Time,Harp,McElhargy,Computer Science,1B0C5S
997,Part Time,Herc,Alexandrescu,Computer Engineering,1K2T8X
998,Correspondence,Nilson,Hasloch,Business Comp Sci,5I5J8N
999,Correspondence,Robinson,Plowes,Computer Science,1M9Z7K
1000,Correspondence,Jared,Sweynson,Computer Engineering,7B1I6B
