neptune,first_name,last_name,major,educationType
2F9G3A,Rivkah,O'Kennavain,MI,part-time
7J3E6V,Alvan,Ianizzi,MI,part-time
5R9F1J,Mathew,Seago,MI,part-time
5A9K0Y,Fanechka,Wilkenson,PTI,part-time
7L5W7U,Brenna,Schaumann,GI,part-time
9L6H4T,Emylee,Hull,MI,part-time
4I7D8P,Gabey,Schuh,GI,full-time
4C5X8X,Sigvard,Sabatini,PTI,part-time
2N9D7R,Shirlee,Danilov,PTI,full-time
0Q8A2O,Pall,Crommett,PTI,full-time
7H5G2J,Doralynne,Amori,PTI,part-time
9U5D7Y,Aloise,Di Batista,PTI,full-time
5V6B0L,Izzy,Rough,GI,full-time
8W3H4S,Elsey,Abrahmer,PTI,part-time
7I0F1G,Bayard,Wannell,GI,full-time
5U0E4R,Ernie,McCoughan,GI,full-time
9Z3T0C,Lizzy,Buchanan,MI,part-time
8Q0Y7W,Cathyleen,Kilvington,PTI,full-time
0O9E3E,Marlane,Kingzeth,GI,full-time
2Z5F8U,Dougy,Roofe,MI,part-time
8K4H9B,Selestina,Hazel,MI,part-time
5D9P1G,Janeta,Nutbean,MI,part-time
4A2J0D,Almire,Feilden,MI,full-time
1N5S9L,Roarke,Quest,MI,part-time
6V2M6E,Nananne,Stainburn,PTI,part-time
8W8S0I,Vanni,Macbane,GI,full-time
3Q0H8Y,Jordan,Da Costa,MI,part-time
9M2S0K,Amy,Laurentino,GI,full-time
9K9G5O,Darryl,Normanell,GI,part-time
0E2T4C,Lee,Cabell,MI,full-time
5R2L4M,Elna,Everton,PTI,part-time
7M6E9X,Marlyn,Brigginshaw,PTI,full-time
3S7X9D,Derrek,Iacofo,PTI,full-time
3N2Y4K,Maryrose,McPike,PTI,part-time
1F6J1U,Germaine,Forster,PTI,part-time
4Z7S9F,Venus,Tellenbrook,PTI,part-time
7I8E3N,Urbano,Scoon,GI,part-time
2N8U9R,Aylmer,Arenson,MI,full-time
6E8J3E,Moyna,Dufaur,GI,part-time
5P1N6T,Beauregard,Risby,PTI,part-time
0Q1K4O,Doloritas,Marven,GI,full-time
1P9X8X,Tate,Jagiela,MI,part-time
1H8F0H,Jorie,Ismay,PTI,part-time
8F7Q1U,Ricoriki,Philipet,PTI,full-time
3K5E8X,Storm,Collier,MI,part-time
9L5F9M,Celinda,Wintringham,GI,full-time
9G2C0T,Pat,Lauritsen,MI,full-time
7N7E8B,Nikolia,Sivyour,MI,full-time
2S4C1R,Ariadne,Yakobovicz,MI,part-time
4W5N3C,Marin,Swinbourne,PTI,full-time
8A0Y6I,Enid,Maidlow,MI,part-time
9C6T4U,Carlita,Bartlett,MI,part-time
6O4Y8I,Parker,Hawlgarth,PTI,part-time
0O4N7L,Leia,Sterry,GI,full-time
9C2O4L,Alex,Kersey,MI,part-time
5U1V5D,Sherlocke,Derrett,PTI,part-time
1Y4Z7T,Sansone,Yersin,PTI,full-time
6K4I4L,Rube,Sulter,MI,full-time
6B5D9J,Osbert,Parkyns,GI,full-time
7N7B7P,Cal,Mulvenna,GI,part-time
8N3Y2X,Melanie,Cline,GI,part-time
2C6J8V,Robin,Kenaway,GI,part-time
6S3E2Y,Vivienne,Nail,MI,full-time
7B7P6C,Issie,Holsall,MI,part-time
6S2P4F,Cheslie,Burdass,MI,full-time
8C4K8W,Engelbert,Washbrook,MI,part-time
9H2D1X,Eustacia,Witham,PTI,part-time
6R5P1A,Connie,Bodman,GI,part-time
4K5N9P,Caro,Coules,GI,full-time
5D0O1W,Nessie,Drysdell,GI,full-time
8M1M7M,Norbert,Mulvin,PTI,full-time
5N5G4U,Min,Yurikov,PTI,full-time
5C6J9H,Faulkner,Leon,PTI,part-time
4T4X5P,Johnnie,Alvar,GI,part-time
0L5W0L,Karole,Thorlby,MI,part-time
9C9X1N,Marillin,Wilshire,PTI,full-time
6F8F2N,Simone,Morgue,PTI,full-time
6S2W8A,Darin,Semple,PTI,full-time
0K9E8G,Paton,Lehrer,PTI,part-time
7M2E8C,Gilligan,Codd,MI,full-time
6G1K3Q,Amber,Boggon,GI,full-time
7K1R4A,Hazlett,Reuben,MI,part-time
2R8P7Q,Cazzie,Ciccoloi,GI,part-time
8J3M1C,Filippa,Garfitt,GI,full-time
3D8D5R,Stevana,Linnane,GI,part-time
9A5Q8K,Enrica,Billham,GI,full-time
3G0W1L,Michaela,Flaunders,MI,part-time
3J5S0A,Dorris,Purseglove,GI,part-time
5P8N5G,Chadwick,Scolland,PTI,full-time
4R4Q1A,Mikol,Scandrite,PTI,part-time
7E3U3A,Ossie,Naptin,MI,part-time
0G2B7I,Eduard,Town,PTI,full-time
4Q8Q0J,Fernando,Van Velden,MI,full-time
4U5Q0L,Kassie,Genike,PTI,part-time
8I3H2C,Reuven,McGlynn,MI,part-time
6U8A9P,Pat,Fort,GI,part-time
1S6Z0W,Matt,Lemmers,MI,part-time
5X1W9L,Ruthie,Lared,PTI,part-time
2B5O0A,Kristian,Bysshe,GI,full-time
0L0P4C,Trenna,Spence,GI,full-time
4P7Q3V,Laure,Bucknall,MI,part-time
4B3I6T,Sauveur,Dawkes,PTI,full-time
3M2W3U,Carie,Wallicker,GI,part-time
7Y9W3R,Eldredge,Fellenor,PTI,full-time
0R2A8F,Lucais,Scothron,GI,part-time
8M7D0N,Alina,Goldis,MI,full-time
8N8W0Y,Russ,Krauss,MI,full-time
0N7D5J,Jeannie,Blasl,MI,full-time
1P3A8C,Cati,Lishmund,PTI,part-time
2P9L8S,Alvira,Cometti,MI,full-time
9B5G2N,Katey,Joicey,MI,part-time
6F0S9F,Gerrie,Prantoni,GI,full-time
3I3I9V,Lanae,Alelsandrowicz,GI,full-time
0U4Y4S,Teirtza,Roskams,GI,part-time
4O2C0R,Indira,Youles,PTI,part-time
5X1Q3M,Breanne,Robroe,MI,part-time
7V7F2K,Tansy,Elleray,PTI,part-time
3E5L1J,Norri,Pennicard,PTI,full-time
3Q0B5N,Osborne,Malcolmson,GI,part-time
6Z9B3A,Rustie,Race,GI,part-time
8M4N2X,Brooks,Backson,GI,full-time
1S9P6Q,Francyne,Pree,GI,part-time
4C8O4G,Mano,Dorn,MI,full-time
8P8W7F,Kamilah,Chansonnau,PTI,full-time
0O4X6Q,Tessi,Sykes,GI,part-time
2V6X9N,Skye,Terram,MI,full-time
1B4K7R,Ronalda,Cancellario,MI,part-time
6Y9G6Q,Morris,Coonan,PTI,full-time
6P4Q3E,Inessa,Cornils,MI,part-time
9Z7W9N,Jewelle,Driver,MI,part-time
6W6N1B,Becca,McGloughlin,PTI,part-time
7O3W1D,Loreen,Grady,PTI,full-time
5L6L1N,Reece,Paffitt,MI,full-time
7T3U5N,Lorinda,Slyford,PTI,part-time
5H5O9S,Uriah,MacCaughey,MI,part-time
7M7I5I,Baxter,Strauss,MI,full-time
3Z9F9B,Elena,Montel,PTI,part-time
3I9R9Q,Derrik,Eversley,MI,full-time
8E7U5C,Alejandro,Tukesby,GI,full-time
9T0R6H,Vittorio,Attlee,PTI,full-time
7S0K6C,Evangelin,Teacy,PTI,full-time
2K7Z5V,Lynea,Kelcher,GI,full-time
9C2C3K,Darby,Figura,MI,part-time
6W0M6H,Shelley,Bodsworth,GI,full-time
3S8I8Y,Julissa,Mickleburgh,GI,full-time
1H0P9P,Jaynell,Sodory,MI,full-time
8A3X4F,Anabel,MacCole,PTI,part-time
2Z1A7Z,Lolly,Clementet,GI,full-time
5D9Y0L,Jonas,Nockells,GI,part-time
2V3B8X,Joann,Shyre,PTI,full-time
2A6B2Z,Mia,Blackly,PTI,full-time
9W6L5O,Mirella,Cohalan,GI,full-time
2K4R2G,Clarette,Clarabut,PTI,full-time
4R5Z3G,Michaelina,Crafter,MI,part-time
7O2D6T,Kain,Rickwood,PTI,part-time
3O1T1F,Barbe,Parradine,PTI,part-time
7E8Y1K,Cy,Dibson,MI,part-time
7E9G6V,Valaria,Joskovitch,GI,full-time
0A1V1T,Silas,Lottrington,MI,full-time
8Q0X1H,Tim,Vasyukov,GI,part-time
2R1C5Z,Jade,Lanktree,GI,part-time
0B5O0K,Gabriel,Rotherforth,MI,full-time
1S7O0S,Emery,Asplen,GI,part-time
1P0N5Z,Cloe,Lindegard,GI,part-time
7W3I8I,Robyn,Wornham,PTI,part-time
9O5S2E,Baxy,Poll,GI,full-time
7Y8L2T,Trevor,Gylle,PTI,full-time
1Q5I6E,Saw,Matokhnin,GI,full-time
1J3M2R,Happy,Ciubutaro,MI,full-time
8A1A5D,Catharine,Pfaffel,PTI,full-time
0A9A0T,Devin,Horrigan,MI,part-time
5Z0V7L,Hugo,Bails,PTI,full-time
2Z5T2V,Kingston,Rosser,PTI,full-time
3H5J3S,Vale,Fison,GI,full-time
2P6U7V,Ben,Gentner,MI,full-time
7O2Y0R,Madelaine,Tellenbrok,GI,part-time
7Q0K8F,Anallese,Ledamun,MI,part-time
5W1P5B,Trev,Daly,GI,full-time
3D5V3T,Erhard,Sodeau,MI,full-time
2Q4J2M,Isabella,Featherstonhaugh,PTI,full-time
2W1H4N,Udale,Downage,MI,full-time
3Z1G8G,Eden,Pharaoh,MI,full-time
7D9S1J,Hirsch,Cisec,PTI,full-time
3Y2B9U,Gene,Kroin,PTI,full-time
3E6N9M,Catina,Bahlmann,PTI,part-time
3L7B5A,Jonell,Pawel,PTI,full-time
7K7X4A,Farrand,Dysert,PTI,full-time
1G1C7J,Gianna,Kelcey,PTI,full-time
6P3Z3Q,Javier,Ephgrave,MI,part-time
9I6X5K,Freddi,Went,GI,part-time
9M5R5E,Shena,Putley,GI,full-time
0U4U2S,Opal,McGarrell,PTI,part-time
5X0A2A,Allard,O'Looney,GI,part-time
7K3A8J,Brew,Woodlands,GI,full-time
9K1V5P,Tod,Osbiston,MI,part-time
5S2J6L,Lelia,Brevitt,MI,part-time
6Y5Y7Y,Gilberte,Maudlin,MI,full-time
5B8I9U,Nels,Forward,MI,full-time
7M9B3K,Lisette,Doreward,MI,full-time
3X4S0D,Redford,Colicot,PTI,part-time
8H6J1N,Sherilyn,Crookshank,MI,part-time
4N7F9D,Marshal,Hemerijk,GI,part-time
5V1V6C,Ardine,Dozdill,GI,part-time
6O2R1D,Brigitte,Standing,PTI,full-time
6U6T7F,Carine,Lemon,MI,part-time
4D7J3Z,Vaclav,Luetkemeyers,GI,full-time
6A3V3V,Maisie,Fontell,PTI,full-time
1G4J4G,Carri,Roskruge,GI,part-time
3X4E0Q,Aloin,Hallawell,GI,full-time
6W4O1N,Olivier,Glabach,MI,part-time
7U4O2Z,Norton,Larn,GI,full-time
2O1S0L,Sargent,Treves,GI,full-time
6Y8M6S,Sergio,Aymer,GI,part-time
1M3F6A,Bernard,Volage,PTI,part-time
4Q0L9G,Cassy,Landman,PTI,full-time
7C8W4A,Jerry,Josselson,MI,part-time
6B3W3U,Henri,Liptrod,PTI,full-time
3L2U8C,Bob,Jenkins,GI,part-time
6K9D5D,Staffard,Brame,MI,full-time
3J7H8J,Marcie,Marder,GI,full-time
4S1M8L,Bradly,Elcoate,GI,full-time
3Q3G3R,Kyle,Quainton,GI,part-time
0N9K4M,Rebecca,Chaytor,PTI,part-time
1H6P4U,Pavla,Freer,PTI,full-time
4N0I4Y,Greta,Bee,GI,full-time
2N4X1R,Marlin,Duplain,GI,part-time
3T5J8P,Franzen,Pepper,GI,full-time
6K6E7W,Evan,Chesley,MI,full-time
3D5F0C,Peggy,Rosenbloom,PTI,full-time
6T2Y0X,Flora,Stango,MI,full-time
9Q6Q9R,Vanessa,Petlyura,PTI,full-time
4F8A9M,Myra,Winn,PTI,full-time
2S5O7R,Nannette,Shirt,PTI,part-time
3R2K7I,Karylin,Callaway,PTI,part-time
7T6V5P,Shani,Frears,MI,full-time
6F2Z1K,Moyra,Gundrey,MI,full-time
2G6Y8V,Lenna,Antoszczyk,GI,full-time
9J5X0F,Anita,Fasler,PTI,part-time
2E0E8F,Cyb,Marchbank,GI,full-time
4X6Z3U,Thor,Dragon,PTI,part-time
0K6K8Y,Katie,Allbones,PTI,full-time
8B5X5I,Clint,Vayne,GI,part-time
0U9H3P,Shaine,Munslow,GI,full-time
8Q9N7A,Shelley,Casier,GI,part-time
5Q4N9A,Tabor,Leonida,PTI,part-time
2M6Q3Y,Dianna,Sabattier,MI,full-time
3Q8M3K,Farley,Klimp,MI,part-time
4L8H6S,Jen,Pasterfield,GI,full-time
2A9Y5P,Tailor,Chansonnau,GI,full-time
4S6K8W,Rubetta,Miguet,PTI,full-time
7K3G8D,Belicia,Beckinsall,PTI,part-time
8Z6G0R,Chicky,Wybrew,GI,full-time
8O5X8C,Alaric,Axford,GI,part-time
2D0J5F,Jarrid,Drever,PTI,full-time
1V2Z6D,Joyan,Neesam,GI,full-time
9L0B5X,Kellyann,Mayler,PTI,part-time
4Q8Y3A,Osgood,Bech,GI,part-time
2T9X6M,Ellery,McCluney,MI,full-time
4W2E8R,Wade,Kemsley,PTI,part-time
8S3N9R,Cord,Andrewartha,GI,full-time
4N4T6L,Edyth,Kyttor,PTI,full-time
1Z0E0G,Charil,Baguley,PTI,full-time
7O9J3K,Tab,Morefield,MI,full-time
1O2E4I,Boone,Akitt,PTI,full-time
2D3M3P,Neile,Cuthbert,GI,full-time
9W4X6Y,Mirabel,Georges,GI,part-time
7U5B9C,Cly,Rodie,GI,part-time
9P3T2G,Boot,MacCallam,MI,full-time
3Y8L9S,Fabio,Borthram,MI,part-time
3H1K0D,Sunny,Rathke,PTI,full-time
2V9M5C,Elias,Saintsbury,MI,full-time
5N5K7Q,Vita,Idill,GI,part-time
0S7M0L,Wilmer,Vasilchikov,GI,part-time
0D0B1Z,Lowell,Kemble,MI,part-time
8K0P4V,Beatrisa,Lorenzini,GI,full-time
2X9A9E,Meridith,Frome,GI,full-time
7N1B1O,Rolland,Reasce,GI,part-time
0D8Y4E,Timothy,Bartolic,GI,part-time
9E8U8V,Judd,Vinker,GI,part-time
6I4B9R,Glynda,Mooring,PTI,part-time
3N5Q4N,Lois,Leathley,MI,full-time
3I6Z0E,Camellia,Blenkensop,PTI,part-time
7P0C2X,Nanni,Twydell,GI,full-time
7U3J6J,Olenka,Goad,MI,full-time
0L6Z6W,Ainslie,Caldaro,PTI,part-time
8H5T0R,Nowell,Baudinot,GI,part-time
6B2Q4K,Anastasia,Larby,MI,part-time
9P7S7M,Sawyere,Wilkenson,MI,part-time
0H8G2Q,Humfrey,Pither,GI,part-time
1H5X9C,Lishe,Verdie,PTI,part-time
0A5Q0J,Cori,Dahlberg,MI,full-time
1D6C5R,Carmelita,Tabour,PTI,full-time
4X6W5X,Winthrop,Arlidge,MI,part-time
8C3E5U,Salli,Whybrow,GI,full-time
4J0I5Y,Raviv,Ambrosio,PTI,part-time
2V6G7S,Billy,Bletso,PTI,full-time
5Y1V5K,Jacinda,Viggers,GI,full-time
6S4J8W,Margo,Bagger,GI,part-time
2K8H6G,Calley,Harvard,PTI,full-time
9C7A8O,Fernande,O'Sullivan,GI,full-time
0R6L8X,Gui,Northwood,MI,part-time
3T9E5P,Heinrick,Liddon,PTI,part-time
2P3Z6V,Dallas,Orpyne,GI,full-time
7D0A3A,Rodolphe,Gotts,MI,part-time
0O9H6S,Bayard,Blacktin,GI,part-time
2J6E8Q,Melania,Beverstock,GI,part-time
8B6G4O,Pet,Peaker,GI,full-time
5B6D6T,Frederico,Blair,GI,part-time
5O3G7I,Gilles,Seignior,PTI,full-time
9L6O7N,Rebe,Bastick,MI,full-time
3K6G9M,Viviyan,Stag,MI,part-time
1P9X0F,Marylin,Blann,GI,full-time
9O2V8P,Mab,Coorington,GI,part-time
8A9F4I,Mitchael,Corbin,GI,full-time
3V5J1S,Stearn,Cancellieri,GI,full-time
4Z5Q6Z,Kellsie,Beasleigh,PTI,part-time
6A1J3W,Gar,Showers,PTI,part-time
3G9R6N,Arabele,Bleby,MI,part-time
1D5C3H,Gardie,Gawthorp,GI,full-time
4K9D4H,Haskell,Grivori,GI,part-time
7Y5F5U,Justin,Mascall,MI,part-time
3V4V9F,Sterne,Thaxton,PTI,full-time
1O4U8I,Dolorita,Kilmary,GI,part-time
6R6P5X,Alma,Donaho,GI,part-time
9C5G9O,Jeana,Pordall,GI,part-time
8C2W8P,Carmita,Cathee,MI,full-time
0M1C7Q,Kore,Clears,GI,part-time
6L1Z8O,Humfrey,Marlen,MI,full-time
6D6O7R,Josy,Pond,GI,full-time
7D7D7Y,Cally,Demann,MI,full-time
4C5P7L,Isis,Ryles,PTI,full-time
1X6N4L,Ranique,Guage,MI,part-time
0C5F8Q,Aldric,Ainscough,MI,full-time
4T6M2N,Nap,Parrington,PTI,part-time
5P0F0Y,Halsey,Atcheson,PTI,full-time
9U2Z5P,Laird,Czajka,PTI,part-time
4L7I5D,Alvira,Boggs,MI,full-time
0R7J3C,Marillin,Hyams,PTI,part-time
0G5W8W,Belva,Nisen,GI,full-time
2X4X8O,Sharlene,Hartwell,GI,part-time
1G9A9G,Shela,Hunton,GI,part-time
6R5C7I,Bunnie,Lyes,GI,part-time
4K1U0Z,Antonino,Fear,MI,full-time
9F7V8H,Kelley,Teape,PTI,part-time
0W9X0M,Leonelle,Craighall,MI,part-time
3I8W9R,Petunia,Gresham,PTI,part-time
2S1R6F,Debor,Huzzey,PTI,full-time
6O0C7V,Cedric,Leate,GI,part-time
1R5S8S,Ronni,Knottley,GI,full-time
7E4Y9T,Rourke,Ludlamme,GI,part-time
7I6P8C,Tadio,Limpkin,GI,part-time
3H5O8A,Darby,Coldbath,MI,part-time
3O6M3B,Minta,Dunbabin,PTI,part-time
3G6H1X,Karel,Southerden,MI,full-time
7Y3J7M,Chucho,Dimanche,GI,full-time
2M3C4J,Pat,Richardes,PTI,full-time
7F5D6Y,Tracie,Deny,PTI,part-time
9R2J9H,Wiatt,Hiscocks,PTI,part-time
6N9L5L,Allie,Alderwick,PTI,part-time
9O8O6I,Samuele,Dovidaitis,MI,full-time
5K4Z2H,Amberly,Atthow,PTI,part-time
9C4W3Z,Morlee,Myrkus,PTI,full-time
5R9A0V,Lemar,Hessay,GI,full-time
2Q6S8X,Nomi,Cecil,MI,full-time
9E4X7W,Roldan,O'Hartnett,PTI,full-time
9R4G0J,Cornall,Beacom,GI,part-time
1S2V3B,Verney,Clues,GI,part-time
9S6W6J,Lorenza,Ballam,PTI,part-time
9I8R8S,Nissy,Slowgrove,GI,part-time
7K6Y2M,Camala,Milner,GI,part-time
0N6Z8R,Arthur,Russel,PTI,part-time
4C1B1P,Wynn,Loddy,GI,full-time
2F9Z1O,Imelda,Boggs,PTI,part-time
3T7E9O,Griffie,Wingar,GI,full-time
6Q8D5Z,Merissa,Raveau,PTI,full-time
3L8R2D,Hillery,Huxton,MI,full-time
2H3Z3J,Helen-elizabeth,Blayney,MI,full-time
9W4K0L,Enid,Miner,GI,part-time
8M3F9Q,Sharia,Cranch,GI,part-time
5T7A4B,Jamima,Lown,GI,full-time
7H0M1A,Sinclair,Dunseith,GI,part-time
0R3X4Z,Kristine,Raine,MI,part-time
3X8C3R,Sky,Tillard,MI,full-time
8O0Y1L,Erick,Furst,MI,full-time
7U8R6T,Meier,Dengel,PTI,part-time
8A1L5J,Katuscha,Langeley,GI,full-time
8P0I1X,Luigi,Birth,MI,full-time
9G9C1J,Gar,Cleary,GI,full-time
8D0S7E,Jacynth,Pidwell,PTI,full-time
7H5I1Z,Ingar,Markovic,GI,part-time
4X6S0P,Nicko,Alkin,PTI,part-time
2T5X3J,Jaquelin,Thurley,MI,part-time
7Z9Q7P,Evangelin,Eliesco,MI,part-time
8X2S8R,Terrel,Weatherby,GI,part-time
8G8T4H,Shawn,Simenon,PTI,full-time
7P0R0K,Jonie,Leibold,GI,part-time
0C4J5Q,Jakob,Tombling,GI,part-time
2X2Y8B,Corene,Ickowics,GI,part-time
4E6S1C,Chris,Somner,PTI,part-time
3T5Y0B,Maggy,Janson,PTI,part-time
5Q9G1G,Randene,Gerdes,PTI,part-time
7R4N4S,Kayle,Plumridge,MI,part-time
7W1W1J,Rochelle,Camilio,GI,full-time
5E5W3U,Novelia,Butfield,PTI,full-time
0C9W9R,Ari,Commusso,GI,part-time
5B5S1T,Cristobal,Felten,MI,full-time
7G5T8E,Lida,Soff,MI,full-time
8E8R8H,Ade,Larkin,GI,part-time
6N6G6I,Ula,Walsham,GI,part-time
2H8J5K,Maressa,Toon,MI,full-time
7U5U3P,Stafani,Milthorpe,PTI,full-time
7E6Z3Y,Barbette,Gallgher,MI,part-time
7V0Y9G,Alfie,Fitchew,GI,part-time
3H1D3G,Rorke,Skentelbery,PTI,part-time
3H2Z8C,Emelita,Keymer,GI,full-time
2X6I9R,Jolene,Pauly,GI,full-time
2B0C9X,Justus,Roughley,PTI,full-time
7P0K3U,Emmaline,Glossop,MI,part-time
7S6B8K,Leola,Keighly,GI,full-time
3T6L3W,Roana,Haxby,MI,part-time
9Z4P1Z,Kiah,Cuningham,MI,full-time
7H3D9D,Lanny,Durrant,GI,part-time
4E7D3U,Frank,Gildersleaves,MI,part-time
9H8E4E,Chevalier,Dionisetto,MI,part-time
0C2B3J,Revkah,Barkess,GI,part-time
9L3D0X,Nev,Thompson,MI,part-time
7U4Z6G,Berri,Shimwall,PTI,part-time
7N4A8U,Sophey,Osman,PTI,part-time
4F7P0C,Payton,Ubee,MI,part-time
3P5P5T,Ralina,Guynemer,GI,full-time
7G1A7T,Talyah,Ohms,MI,part-time
7A6E5A,Cristie,Kits,MI,full-time
2E9K7K,Rozina,Fallen,MI,part-time
3P2Q4Q,Ronnie,Aylmore,PTI,part-time
4I0C8X,Miquela,Mastrantone,MI,part-time
2K8Y5Z,Ellette,Keyhoe,GI,full-time
6C1I7I,Marcelle,Ingley,GI,part-time
6R5D4D,Tan,Harmer,MI,full-time
5P5B2F,Warner,Bear,GI,part-time
3L9Z7D,Rae,Merryfield,GI,part-time
8U3L4A,Dreddy,Mc Giffin,MI,full-time
6A5J9K,Eddy,Castaner,MI,part-time
0W6A8W,Derrek,Skeats,MI,full-time
6F8H7M,Olga,Corton,GI,full-time
8I0I3U,Linda,Stace,PTI,part-time
7Z9S2V,Joseito,Josum,PTI,full-time
2L0T7E,Phillis,Korda,MI,full-time
8C2E6F,Fiann,Danko,PTI,full-time
8N9W8Z,Kimbra,Dawtre,GI,part-time
6Z3G0G,Shelagh,Woodrooffe,MI,part-time
4O9Z0E,Regen,Rodman,GI,part-time
2C1F5T,Darcy,Bosanko,MI,full-time
5U6P8S,Shaun,Arnaldi,MI,full-time
3F9N5H,Winnie,Gillbee,GI,part-time
8Y8V8S,Bryn,Ubsdall,PTI,full-time
1L2X4H,Wayland,Severs,GI,full-time
9I1J7G,Cecily,Cunio,PTI,full-time
9M3G9T,Melanie,Herrero,MI,part-time
8V5Q5O,Gavin,Boyd,MI,full-time
4V6S9Z,Manon,Gunbie,GI,part-time
9W4B6H,Dierdre,Soulsby,GI,full-time
2B7K1N,Lindsey,Tilt,GI,full-time
6C2J7S,Queenie,Sisson,MI,part-time
0P4L3P,Alix,Waleran,GI,part-time
0P0K1K,Lynett,Linggard,GI,part-time
9G6M7W,Quintina,Sneath,MI,part-time
0V1W2W,Renaldo,Ungerecht,PTI,part-time
3G3V1I,Emily,Sexten,PTI,full-time
9B1R2F,Waldemar,Struijs,PTI,part-time
8Z0V4N,Ware,Butterly,MI,part-time
6U2L4D,Salem,Lapwood,PTI,full-time
5T1F3H,Lucien,Bruster,PTI,part-time
1B7D8R,Link,Rosenbaum,MI,part-time
0C1K3D,Eleanore,Hunting,MI,full-time
8U1R2J,Sergent,Karpol,MI,full-time
5G9H6K,Cher,Beekmann,PTI,part-time
6L9C6U,Emilie,Keeffe,PTI,full-time
3K9U0B,Emmalee,Leeburne,MI,part-time
0A8S1R,Leonora,Flinders,PTI,part-time
8V6V0B,Keefer,Poulglais,PTI,full-time
9Z6N5A,Cosimo,Besset,MI,part-time
5D2E9Y,Birk,Patterson,PTI,full-time
4O4N2A,Ginger,Quinn,PTI,full-time
1X0W8H,Antonius,Loren,PTI,full-time
4C6F9U,Brianna,Spillard,GI,part-time
9Y7S4Z,Jonis,Wardrop,PTI,full-time
7U4W7V,Alisha,Hamilton,GI,full-time
4B2M1H,Corrie,Laverock,MI,full-time
4I7N9W,Debbi,Metts,PTI,full-time
3T3R5W,Delphine,Dongate,PTI,full-time
4V7C6F,Rubi,Comar,PTI,full-time
9C6E3W,Rene,Peppard,MI,part-time
2S5I1C,Miguela,Meagh,MI,part-time
6H1S2S,Ginger,Tranter,GI,part-time
7L9J9V,Anabal,Pedrocchi,MI,part-time
4E7B8I,Tammie,Node,MI,part-time
4C3V9U,Quincy,Hullot,PTI,part-time
7K6O9I,Nat,McElree,MI,full-time
2S3T5J,Meredith,Wadman,PTI,full-time
0Z5H1N,Clementine,Grinov,GI,full-time
1O3A8T,Pincas,Corps,GI,part-time
9D8F5P,Jeremy,Bugbird,GI,full-time
8T8Q0M,Hailee,Wastell,MI,part-time
3S7Z6J,Umeko,Flarity,PTI,full-time
1H4Q6Y,Brunhilda,Solomonides,MI,full-time
3I7P6U,Arron,Maidlow,PTI,full-time
9E0F0J,Aurore,Calfe,GI,part-time
2D9S4B,Anya,Cocozza,PTI,full-time
4N0F4F,Tremayne,Geldeard,MI,full-time
2L9T5P,Orville,Colton,GI,full-time
6N0T2J,Roi,Ortiga,GI,full-time
5F3P1P,Bo,Spyer,MI,full-time
3D4D2B,Deeyn,Anniwell,PTI,full-time
1P1U4R,Jacqueline,Rapport,PTI,full-time
2X8Q4E,Wash,Miere,GI,part-time
5R6V2X,Saraann,Prescot,PTI,full-time
3D5Y2G,Jamima,Harner,PTI,part-time
1V1X5L,Hendrik,Karel,PTI,full-time
8S1V9F,Dwight,Habbin,MI,part-time
3N6X5N,Ara,Besnardeau,MI,full-time
2A9H3J,Shanda,Luscott,MI,full-time
2E1C2Y,Adey,Halls,PTI,part-time
8S8E2S,Arley,Tunnow,MI,part-time
1D2X5Z,Gnni,Woodage,GI,part-time
4B2Z9X,Wainwright,Pulteneye,MI,full-time
8N1M8F,Ivy,Kamall,MI,full-time
4V9T1J,Decca,Flinn,GI,part-time
8M3P5Z,Ashely,Bloor,MI,part-time
2T8E5V,Emanuele,Berridge,PTI,full-time
0P5K4M,Kriste,Scheffel,MI,full-time
6R7C3P,Cleopatra,Wonfar,GI,full-time
7H5X2E,Kit,Thomazin,MI,part-time
2T9I2C,Archy,Romagosa,PTI,full-time
3I4N6O,Marco,Elton,PTI,part-time
7P6X9E,Bibbie,Cross,MI,full-time
8U0M6K,Avrit,Milella,PTI,full-time
2A8C1Y,Pia,Monckton,PTI,part-time
7J3N6I,Mohandis,Newby,PTI,part-time
8A4W0B,Lemuel,Peddel,PTI,part-time
7V6W3S,Melissa,Ninnis,MI,full-time
5S6M6K,Joey,Seers,GI,full-time
2Q5T0D,Trula,Tortoishell,GI,part-time
6E5D2J,Fredra,Watton,PTI,full-time
0R7Z5P,Carine,Spensley,MI,full-time
1Z7L8S,Anjanette,Lippini,PTI,full-time
6G4Y9T,Skip,McNeillie,MI,full-time
1M8Z2U,Sander,Cosham,MI,part-time
0J6P1Y,Luci,Itzhak,MI,part-time
3E8V5X,Shelbi,Kenelin,MI,part-time
7W8L4L,Pru,Philippeaux,PTI,full-time
0G3U8I,Merrie,Kunc,GI,full-time
5O1F4V,Rudy,O'Donovan,GI,part-time
3I0K2B,Christoph,Siggin,MI,part-time
2X4S1Z,Maurizio,Beddin,PTI,part-time
0D9W3D,Ivett,Harsnipe,GI,full-time
0X6D2S,Kellia,Baiden,GI,full-time
7M6F3X,Devland,Brotherhood,GI,part-time
0R3H2A,Nobe,Chasteau,GI,full-time
5A2B0F,Karmen,Dotson,MI,part-time
9E2E4M,Petr,Alpin,MI,part-time
9R5K7S,Sallie,Rodinger,MI,part-time
1O5U0X,Dorian,Leslie,MI,full-time
6A6A1C,Ameline,Braunston,MI,full-time
8Q9Y2S,Garvin,McElroy,GI,part-time
9R7R7W,Horst,Snaddin,PTI,part-time
4V3L7D,Robinet,Toynbee,GI,part-time
1U2J0D,Alphonse,Wilmore,GI,full-time
3A4R8Q,Yuma,Pitchford,MI,part-time
4N3X5B,Colleen,Sucre,GI,part-time
6G3C4H,Hatti,Downage,GI,part-time
3B9Y3U,Rance,Stonnell,GI,part-time
0V0E6B,Calida,Kaley,PTI,part-time
3V2O5T,Lorin,Verriour,GI,part-time
3X0A9N,Reuben,Brisco,PTI,part-time
9K8C1A,Tersina,Sokill,MI,full-time
5S6D3F,Tommy,Wall,GI,part-time
4I4U7Y,Crystal,Levick,GI,part-time
5N3E6F,Tessy,Garrity,GI,part-time
7D1J2D,Berte,Puttrell,PTI,full-time
9U8F6G,Gray,Dunning,MI,part-time
3Z0K2F,Alexio,McIlvenny,MI,full-time
4C0C0T,Frederick,Carlesi,PTI,part-time
3H7R8D,Jack,Willes,PTI,part-time
4E7I0M,Griffin,Friar,GI,full-time
2I4I2P,Raymond,Odger,PTI,full-time
0Q1V4T,Willette,Norwood,MI,full-time
3U0M1X,Eleanor,Grove,PTI,full-time
1O4M6Q,Lesya,Gallanders,PTI,full-time
0T4L4X,Meggie,Heaysman,PTI,part-time
3H2V5I,Elise,MacAlister,PTI,full-time
6C4Q5R,Hamil,Currin,MI,part-time
5L0O0H,Vern,Ramsier,MI,full-time
2H0L5C,Sammie,Borris,GI,full-time
7U2I9U,Claybourne,Crannis,MI,full-time
1B8O9M,Remus,Echelle,MI,part-time
6Q1X6Z,Henrietta,Conyard,MI,full-time
3R5R5F,Felisha,Follan,GI,part-time
4L1X1O,Sayers,Burridge,GI,full-time
9W0A1I,Marta,Kilgrew,MI,full-time
2F9D8G,Morna,Pfiffer,GI,part-time
5X3E5H,Madelle,Stit,MI,full-time
0F9H7U,Halie,Faloon,PTI,full-time
8M5A8K,Myrtie,Bulfield,GI,part-time
7U9D0U,Jermain,Rozycki,PTI,part-time
9L4T3G,Rene,Hansel,PTI,part-time
3H0L7Q,Bobbye,Bodle,PTI,full-time
5Q4K8V,Zak,Sheldrick,GI,part-time
3T3Y1Q,Joyous,Sinderson,PTI,full-time
4W8A0P,Ranice,Stubbert,MI,full-time
2E5S7T,Saunders,Phalp,MI,part-time
1G5T8R,Burl,Waddilove,MI,part-time
5V2S6H,Stephanus,Gabel,PTI,part-time
0T6J1H,Selig,Pembridge,GI,part-time
9L5G1U,Brier,Vousden,GI,part-time
3Q0H3G,West,Varnes,MI,part-time
3J6P1Y,Agata,Humbatch,PTI,part-time
5J4E9X,Carlin,Tiptaft,PTI,part-time
8X2T9E,Reggie,Ingrey,GI,full-time
3D4N6B,Winni,Creaven,MI,part-time
8A8D0J,Alla,Quinell,MI,part-time
4Z4Q0O,Alden,Spurdle,MI,part-time
6G0U1X,Patric,Keeves,MI,part-time
1R6P8H,Sarita,Danihelka,MI,full-time
9F1D1Y,Selia,Noel,PTI,part-time
0B3H2B,Laney,Jaquest,PTI,full-time
0Z8M7A,Kiah,Cutten,PTI,part-time
1F1M5A,Burgess,Roarty,MI,full-time
1Z9T9X,Joseph,Grisedale,PTI,full-time
1O8W0T,Diane-marie,McGougan,PTI,part-time
1E6V1E,Dene,Towey,MI,part-time
5X9M9V,Jessica,Shasnan,PTI,part-time
3T6M8Z,Brynn,Tomala,GI,full-time
8D8O5B,Betteann,Ligertwood,MI,part-time
8O2W9G,Noell,Beaulieu,PTI,part-time
4R9K5C,Melesa,Coast,GI,part-time
6R5D3P,Alika,Dunning,GI,full-time
0Q3W7L,Ware,Villa,MI,part-time
3T7K6T,Ludovika,Calderonello,GI,full-time
0Y5V8L,Sauveur,Dawdry,MI,full-time
7Q5J8B,Marthe,Jankiewicz,PTI,full-time
3A4B4Z,Gypsy,Minthorpe,MI,part-time
2E1M6W,Lovell,Ambrus,GI,full-time
9Z9J3K,Marius,Sunnucks,GI,part-time
5E4L7H,Somerset,Leedes,GI,full-time
1A6W8J,Josephina,Paddick,GI,part-time
6W5P5S,Venus,Dobbs,PTI,part-time
4O9X2B,Bryana,Daniels,GI,part-time
3G7E4K,Eveleen,Sayce,PTI,full-time
8U1F5B,Trenna,Simunek,PTI,part-time
9G9P4Q,Thorpe,Heakey,PTI,full-time
4I9E2M,Milton,Rouby,PTI,part-time
4E1Y1K,Hebert,Schaben,PTI,part-time
3V0H6S,Robbie,Yarr,GI,full-time
7E0A2X,Jada,Moorman,PTI,full-time
2K8F3E,Perkin,McGifford,GI,part-time
6M2P2U,Rory,Benettini,PTI,full-time
2W0I3A,Inness,Wildbore,PTI,full-time
3D9T6F,Guido,Toon,MI,part-time
1V0F7V,Ker,Spratt,PTI,part-time
2N9Y1F,Chaunce,Everton,GI,full-time
3Q4Q2C,Benny,Mein,GI,full-time
9I6D7I,Merell,Bingall,MI,part-time
7V1E8U,Lorilyn,Maillard,GI,part-time
0S4H0X,Glyn,Grimditch,MI,part-time
6G6R9A,Aaron,Conner,GI,part-time
8C5S6E,Constantino,Luttgert,MI,full-time
7E4P7L,Batholomew,Holdforth,PTI,part-time
7F3L1Y,Jinny,Scamerdine,MI,part-time
8V4F4T,Clayson,Somersett,PTI,part-time
9X2Z2S,Kristel,Ashman,MI,part-time
2W0M0R,Andrea,Hesbrook,MI,full-time
3U7T1Y,Darius,Knapton,GI,full-time
0J7A7T,Martica,Gainforth,PTI,part-time
8V8K4S,Thomasina,Lathom,PTI,part-time
1C0W9Y,Phineas,Reddish,GI,part-time
2B8C7B,Nealson,Ummfrey,PTI,full-time
2N1P3V,Judah,Santry,GI,part-time
0E5W7X,Cathy,Linnard,MI,full-time
4P6Q8E,Juli,Trawin,MI,part-time
6G3E9W,Rozanna,Pinchon,MI,full-time
7U5M7B,Alfreda,Aldin,MI,full-time
6L0O6X,Obidiah,Ferryman,PTI,part-time
7K3J2B,Randolph,Hannan,PTI,full-time
4Y7T6W,Bernie,Wycliff,MI,full-time
0O8S9R,Tomas,MacAndrew,GI,full-time
7R8R7U,Bobbye,Gozard,MI,part-time
6G0K2X,Adey,Getty,PTI,part-time
4R9H4L,Maurits,Scamp,MI,part-time
1F1E1Y,Ardeen,Claye,GI,full-time
9B0A4E,Clem,Biddy,PTI,full-time
1Y9D3V,Costanza,Darrington,GI,full-time
5J6L2W,Dyane,Amiranda,MI,full-time
6Z7I8T,Trent,Thowes,MI,full-time
2A7Q1N,Shaun,Dalley,MI,part-time
4O0S2T,Halie,Hoodless,MI,full-time
3Z7X6H,Vanya,Klugel,PTI,full-time
0C9R0M,Filia,Geraud,PTI,full-time
6P2H4E,Gavan,Tollady,GI,full-time
9D4U0T,Juliana,Cokayne,MI,full-time
1J7M8R,Leisha,Seathwright,PTI,part-time
4L2V9F,Gayla,Bohey,PTI,full-time
9P7Z2X,Anderson,Willcock,PTI,part-time
6S0M7C,Shelagh,Treadwell,MI,full-time
5G3V2Z,Audrie,Winkle,PTI,part-time
6J3E4U,Goldia,Rosenhaus,GI,full-time
8Y8C7Z,Dillon,Mundell,PTI,full-time
4F4J4G,Dominga,Rawne,GI,part-time
0E4G9C,Rochester,Sawers,PTI,full-time
6H7O3B,Becki,Orrell,PTI,full-time
7M1G2G,Shannon,Ferron,GI,part-time
3D3X2N,Mylo,Godsmark,MI,full-time
6W5L0Q,Elora,Nutbeem,MI,part-time
5E8X4D,Brigitta,Izon,MI,part-time
5V7F4X,Caro,Nelhams,PTI,full-time
4H6J0D,Hatti,Presdee,MI,full-time
6G4J9V,Beverlee,Cosgry,MI,part-time
5O7X8X,Hilary,Joysey,GI,part-time
8T0N7L,Edwina,Evenett,MI,part-time
1D4F6B,Ezechiel,Kunkler,MI,part-time
7T3S7G,Gerladina,Gilham,PTI,part-time
0S8Y1I,Brander,Comsty,MI,full-time
9Y8P1E,Starlin,Dowey,MI,part-time
1Y7I4T,Gregoire,Misselbrook,MI,full-time
0Y8P8U,Dianemarie,Evenett,GI,part-time
0J3X1E,Poppy,Simonetto,MI,part-time
5J8Q5Z,Henka,Ridder,GI,full-time
3T7O2X,Perri,Sutherland,MI,full-time
8F0Q3Q,Devondra,Ullett,MI,full-time
6P0T8M,Webb,Vondrys,PTI,part-time
6T7J2B,Alwin,Bachanski,PTI,part-time
5G3Z5T,Paulo,Oultram,GI,part-time
2J7V3Z,Margarita,O'Dulchonta,PTI,part-time
8F1E3Q,Brynn,Bonde,GI,full-time
9R9X4Y,Marvin,Housecroft,GI,full-time
4B4J3Y,Ryann,Bettley,GI,full-time
5R7J2A,Lutero,Parren,MI,full-time
2V5O6N,Florette,Ingerfield,MI,full-time
6K4B9Q,Norbert,Sanbrook,MI,full-time
7M4M0M,Carrissa,Santostefano.,GI,full-time
8I0Z3V,Irvin,Knibley,GI,part-time
1Z6O7O,Happy,Sagerson,MI,full-time
1D8K7F,Roldan,Clynmans,GI,full-time
4P5X1U,Lesly,Ackenhead,GI,part-time
9M5K0L,Nesta,Paolozzi,PTI,full-time
1V4W6J,Devonne,Creaser,GI,full-time
5K9Y0O,Zondra,Duesberry,MI,full-time
2E9J5B,Cherise,Moakler,MI,full-time
9D2X2L,Prudi,Bahde,MI,part-time
7N5S4N,Rad,Beeke,MI,part-time
0F0K3F,Camilla,Witchell,GI,part-time
0Y1U5O,Bailey,Tumayan,MI,part-time
2N1L6C,Alexander,Penke,PTI,part-time
7C1U3I,Khalil,Gatecliffe,GI,full-time
2I6G4Y,Drucy,Sturr,PTI,part-time
7L7L4Z,Brynna,Belch,MI,part-time
7H0G8P,Fairleigh,Burry,GI,part-time
6D6C4B,Kendre,Eyeington,MI,full-time
8M0R6F,Fax,Durnian,PTI,full-time
7N6W7C,Alessandro,Hepher,PTI,part-time
7R3I9J,Cinnamon,Woolvett,PTI,full-time
2V9R4C,Ramsey,Krebs,PTI,full-time
8R0J1G,Sarena,Trood,GI,full-time
8X7R3F,Lazare,Guinane,PTI,part-time
0R1C7O,Patti,Heggman,PTI,full-time
2A5R7C,Beau,Buyers,GI,part-time
0G7J1E,Corry,Beynke,MI,part-time
9U5X8U,Evy,Poston,PTI,full-time
6A9O1X,Newton,Ruffli,PTI,full-time
1S4I1Q,Pru,Dakhno,MI,full-time
7Q3M0Z,Antonetta,Cisson,PTI,part-time
1F4B9T,Kendal,Milliken,MI,part-time
9Y5Q4B,Paloma,Bevington,PTI,full-time
0X9Q4L,Annadiane,Nears,MI,part-time
3I5D3D,Harrie,Dunabie,GI,full-time
7C7P2O,Celia,Teresa,PTI,part-time
4N7S5N,Antony,Endle,MI,part-time
1N3U1F,Blane,Freddi,PTI,part-time
9M6T1Q,Simon,Gonzalez,PTI,part-time
2S3W6G,Vivia,McGuinley,MI,full-time
3X9B7H,Lurleen,Cossington,GI,part-time
0B7N8F,Theo,Moxson,MI,part-time
7N2W4D,Sydel,Eatttok,PTI,full-time
2U9T4C,Rafa,Seak,GI,part-time
0V7D9D,Brandtr,Jinda,GI,part-time
4D2L4X,Maggy,Josiah,PTI,part-time
2T2I9N,Tomkin,Dinsmore,GI,part-time
6J8T3T,Wade,Mein,PTI,full-time
3U5H6T,Shae,Lambersen,MI,full-time
5E8L3O,Kermit,Leverich,MI,full-time
2P1K3X,Serge,Lacroux,GI,part-time
3E7N7D,Willette,Nano,GI,full-time
3X5B8Y,Cathi,Standen,GI,full-time
9L6A4T,Kipp,Sent,MI,part-time
4K3X5B,Kimberlee,Jennaroy,MI,full-time
4B4A1U,Bendicty,Witch,MI,full-time
0V1L0T,Cletis,Scragg,PTI,full-time
6A6P3A,Rosalinde,Spong,MI,part-time
3L5B6O,Phil,Sharland,GI,part-time
2H4W9P,Emalia,Tuhy,PTI,full-time
1E4I9A,Jobye,Dellenbach,PTI,full-time
0P2W5K,Sibelle,Egarr,GI,full-time
6O8O6W,Chicky,Mearns,GI,full-time
7W6T8D,Cybill,Gretton,PTI,part-time
7P9R7O,Gayle,Kynnd,MI,full-time
1B3G3J,Gennie,Hasley,PTI,full-time
1M9K2G,Boothe,Bayle,GI,full-time
0Y5U3A,Virge,Mc Curlye,PTI,full-time
2R3X3S,Georgie,O'Neal,PTI,full-time
3H4I2Q,Marline,Daud,PTI,full-time
4J8Y9D,Enrique,Stedall,MI,full-time
5J1M2T,Amelie,Jovicevic,MI,full-time
3N5W1N,Tait,Brodeur,GI,part-time
6F6T3Z,Rivalee,Blenkiron,GI,full-time
7K5Z6L,Mollee,Muirden,GI,full-time
5L9L0A,Lemmie,Doul,MI,full-time
5F6G4D,Irena,Regelous,PTI,part-time
1X8T4D,Ardyce,Reitenbach,PTI,full-time
3M3C0J,Margot,Gilley,MI,part-time
2J2S4E,Thacher,Iannello,MI,full-time
7C4Q9A,Jacenta,Nipper,MI,full-time
7H7J3Z,Wini,Brinkler,MI,part-time
4X2A9E,Gregorio,Ferschke,MI,full-time
4S1S4V,Deedee,Dowsing,GI,full-time
0P0I0H,Lola,McNeice,MI,part-time
7V0F6N,Zollie,Rizzardini,PTI,full-time
0N2F0V,Erin,Ende,PTI,full-time
6P7F8I,Cyril,Tout,MI,part-time
4K6D8E,Brose,Pelling,MI,part-time
3C7R4Q,Fons,McCahill,PTI,full-time
0Y2T4Y,Melina,Shayes,MI,part-time
4L0V5T,Josy,Heindrick,MI,part-time
9C5S2S,Raphael,Alcoran,PTI,part-time
5C3L2V,Jerrilee,Ivchenko,GI,full-time
1J2K5U,Fidelia,Meys,GI,part-time
3E7S5N,Karoline,Cuerdale,MI,part-time
2U1G2B,Aleksandr,Gillean,GI,full-time
1F9Q9W,Baillie,Verduin,PTI,part-time
9I2J2B,Joyous,Arney,GI,full-time
9U6V2K,Christy,Hillborne,PTI,full-time
1I4R9I,Concordia,Innocent,MI,full-time
1W2R7E,Tobe,Quirke,PTI,part-time
0H6F8W,Mallissa,Moyne,PTI,full-time
0J6U4C,Nathan,Geraldini,PTI,full-time
8L6S4C,Neala,Droghan,GI,full-time
7D4D5X,Quintus,Bandt,GI,full-time
4R3K9P,Fey,Onyon,GI,full-time
1L7T4J,Bridget,Muselli,MI,full-time
0V0S4O,Ody,Fronks,GI,full-time
1J0Y0P,Aldridge,Izhakov,GI,part-time
0N7W9E,Meredith,Orkney,PTI,full-time
9O3W5A,Rey,Sandom,PTI,part-time
1B9O8F,Marthena,Bessant,MI,part-time
7V9U0T,Willy,Hobbert,MI,full-time
5P2N3L,Claudius,Hingeley,MI,full-time
1H6X3E,Benyamin,Minger,MI,part-time
6Q0G8F,Meredithe,Raubenheimer,PTI,part-time
5O2P3I,Sammie,Ivanchenkov,MI,part-time
8J4D7S,Glynda,Axleby,GI,part-time
3E9A9D,Isa,Storey,MI,full-time
2C3C4P,Maurise,Thorold,GI,full-time
6N9B8V,Annmaria,Thirkettle,MI,full-time
2A0U6S,Kakalina,Belasco,PTI,full-time
8B4V3J,Zilvia,Valdes,PTI,full-time
6N8M7U,Bart,Veness,MI,full-time
0R8Q8T,Fabe,Tax,MI,part-time
7R5F4A,Marcus,Syncke,PTI,part-time
8B2S7U,Nancey,Basey,GI,part-time
6I0U6G,Camel,Twort,GI,part-time
7V1U7P,Darice,Samsworth,MI,part-time
5M4D0S,Tom,Geydon,GI,part-time
6X3D7Z,Fielding,Scritch,PTI,full-time
7D6Z8E,Danya,Monnelly,GI,part-time
9Z7U1D,Jason,Champneys,PTI,part-time
8E9H8S,Eba,McGorley,MI,part-time
4C2T5K,Ronny,Josskowitz,GI,part-time
2N0Q7I,Joell,Sharpless,MI,full-time
9J2S5L,Rani,Boniface,GI,full-time
4X1O0D,Bertram,Pickover,MI,part-time
7Q6M2S,Garold,Brockhurst,GI,full-time
8J6E8O,Juieta,Rickasse,GI,full-time
1H8Q8S,Lia,Blowin,GI,full-time
6I0K5J,Nap,Triggs,PTI,part-time
5Q3O6R,Jeromy,Drakes,PTI,part-time
3N3U2M,Shandra,Branscomb,PTI,full-time
1K7R5A,Tiebout,Thoma,GI,full-time
0H2H6N,Ramsay,Arnaez,PTI,part-time
2Q7E9H,Gil,Antonomolii,PTI,full-time
5D2I1O,Ryun,O'Spellissey,PTI,part-time
8D4F9Z,Bernadine,Trump,MI,full-time
5P7K7R,Cybil,Isakovitch,PTI,part-time
5I3Z8L,Brandy,Glandon,PTI,full-time
5V8T9T,Cleopatra,Brierley,GI,full-time
6D0A7E,Emlyn,Plenderleith,GI,part-time
5Y2P6L,Walton,Scollan,PTI,full-time
1E4L9L,Gabby,Odby,MI,full-time
2F7E1S,Torrence,Kerins,PTI,full-time
8V0B2J,Norman,Tibald,GI,part-time
2X8E2Q,Colette,Bamsey,MI,full-time
9C4S0V,Frederick,Lugg,GI,part-time
9H3S5Z,Millie,Tapson,MI,part-time
0D7D1G,Stephannie,Tallon,PTI,part-time
1N4L4P,Bob,Pasek,PTI,part-time
6F1R4Q,Madelle,Fechnie,PTI,part-time
0L1H3W,Flor,Crennell,PTI,part-time
5P6T5G,Jordan,Poundford,PTI,full-time
1E4M9J,Kendell,Bayless,PTI,full-time
7W9N8V,Morgan,Jumeau,GI,part-time
5O9N0T,Arlana,Balmann,MI,full-time
6L9N6E,Vladimir,Giacopetti,GI,part-time
6P6E7B,Lyman,Moyse,MI,full-time
0S7A5W,Hatti,Devenish,MI,full-time
4U5Z1T,Karylin,Wrightson,GI,part-time
7C1W2J,Jeromy,Clemon,PTI,part-time
6E8H7F,Smith,Dearnly,PTI,part-time
5P9I1N,Sonnnie,Fawdry,PTI,part-time
1P4S0I,Leshia,Ondrich,MI,full-time
3A3S3M,Ad,Jouanny,MI,part-time
0Y0K1B,Erny,Ovenell,GI,full-time
5P2J9V,Witty,Cadamy,PTI,full-time
3W2M5R,Nevil,Pettko,GI,full-time
3M6V2M,Marty,Mellonby,MI,full-time
0X7J2P,Reggy,Kidgell,GI,full-time
6B4T1Q,Perri,Digweed,PTI,full-time
5U2Z1Q,Galen,Blucher,PTI,full-time
6U6N2O,Lolly,Dunseath,PTI,part-time
4I6W8I,Marnie,Pietrowicz,GI,part-time
1X7S7O,Lucio,Stoggles,GI,part-time
1P5R4D,Luella,Cheesman,PTI,part-time
4K1Q8B,Orsola,Sola,MI,full-time
8A6X4Z,Dreddy,Meigh,GI,part-time
8B8M1W,Royall,Penchen,MI,part-time
5Z4P1W,Quentin,Barrett,PTI,part-time
7P6N9V,Gretel,Rive,MI,full-time
5V2V8J,Eleanor,Wrought,MI,part-time
0S8Y8L,Henderson,Hannabus,GI,full-time
1U4A9L,Cleo,Penritt,MI,full-time
9S1Q5B,Lilyan,Pannaman,MI,part-time
9M4H0L,Kerrie,Reskelly,PTI,part-time
6S6N6A,Richard,Truelock,GI,full-time
8I7L2R,Leese,Stanhope,PTI,full-time
0Y9F8Q,Eduard,Galletley,GI,part-time
0O9L0K,Ricky,Greyes,MI,full-time
5T7M8V,Sibylla,Ross,MI,full-time
4W9Q0K,Rena,McKie,PTI,full-time
4C1H1H,Linette,Buret,GI,part-time
1X4Q0D,Ailey,Cotgrove,MI,full-time
7W5K0H,Sidonnie,Alabastar,PTI,part-time
4D2L0T,Anjela,Coath,GI,full-time
9X0X4F,Abbe,Coffin,PTI,full-time
1Z9E0C,Stacie,Dearnaley,PTI,part-time
5H6E9I,Hadlee,Tresvina,MI,full-time
5H3B7U,Francois,Carlesso,PTI,part-time
6A8H8S,Viviene,Wardhaw,PTI,full-time
6B8C0T,Ambros,Sey,GI,part-time
9H8P3F,Boot,Borlease,GI,part-time
2A2W8A,Bentlee,Addionizio,MI,full-time
2X0J1Q,Quintina,Oneill,GI,full-time
5O3E9K,Krystyna,Grishakov,PTI,full-time
5T3B2G,Michal,Thompkins,GI,full-time
9O7A9P,Kendrick,Beadles,MI,part-time
0P9F1K,Pippa,Lawrance,MI,part-time
1U6Q7Z,Law,Beton,MI,part-time
1B9S1Q,Gwendolin,Cawthry,PTI,part-time
8Y8Z7C,Roman,Woffenden,MI,part-time
0E2Z4Z,Ericka,Bodle,MI,full-time
9C1C7G,Philis,Baldoni,MI,full-time
3V5N7D,Skye,Townshend,PTI,full-time
5N9O0Y,Bili,Filippello,GI,part-time
8E1D4P,Sumner,MacCaughen,MI,full-time
3I5S7A,Carolin,Tallman,PTI,full-time
6B7Y0C,Ilsa,Pietrowski,GI,full-time
7U2T4Z,Madelle,Danell,PTI,full-time
9L7O7D,Ricoriki,Huncote,GI,full-time
2O9H7X,Marietta,Tibols,GI,full-time
3M5O1P,Malva,Olyfant,PTI,part-time
1E5T5I,Hasheem,Halburton,GI,part-time
4N8Q1N,Garald,Matthewman,MI,part-time
1J4X9T,Doralia,Towll,MI,part-time
9L2P5Y,Amalea,Witherdon,GI,full-time
7K9L9R,Vinita,Hebbes,GI,part-time
5H1S9P,Lanie,Salmon,PTI,full-time
8D2E9M,Justus,Flintoffe,MI,part-time
0H7Q8S,Susann,Emburey,GI,part-time
0A1X4J,Harman,Walling,GI,full-time
3Q5Z8Y,Avrom,Chadbourn,GI,part-time
0Y1D3S,Barrett,Harrowing,PTI,full-time
2D1W8S,Dominick,Shoebridge,GI,part-time
9E6K8X,Keelby,Yvens,MI,full-time
9I9P8E,Charlotta,Rosenfield,PTI,full-time
3D7B0E,Marijn,Brunstan,MI,part-time
6W0P4Q,Farr,Rizzillo,PTI,full-time
2H0N9G,Ernesta,Greenrodd,MI,part-time
4B0Y2X,Joseph,Aplin,MI,full-time
0Q1T2Y,Karrah,Tuttiett,MI,part-time
1F2K2U,Cirilo,Thirlwall,GI,part-time
1Q5W7J,Lydia,Duddy,MI,full-time
9U9J1B,Amelina,Sheen,PTI,part-time
2Y9U0X,Modesty,Tokley,GI,part-time
2D6U4Z,Norene,Villa,MI,part-time
8N0E6S,Sandra,Tillyer,PTI,part-time
